price,datetime
127.410182379,2020-01-02 23:59:59.999
134.171712485,2020-01-03 23:59:59.999
135.069371268,2020-01-04 23:59:59.999
136.276776707,2020-01-05 23:59:59.999
144.30415371,2020-01-06 23:59:59.999
143.543998337,2020-01-07 23:59:59.999
141.258134415,2020-01-08 23:59:59.999
138.979196656,2020-01-09 23:59:59.999
143.963781218,2020-01-10 23:59:59.999
142.927114494,2020-01-11 23:59:59.999
145.873931189,2020-01-12 23:59:59.999
144.226591141,2020-01-13 23:59:59.999
165.955358611,2020-01-14 23:59:59.999
166.230685102,2020-01-15 23:59:59.999
164.391010988,2020-01-16 23:59:59.999
170.77995796,2020-01-17 23:59:59.999
175.36567147,2020-01-18 23:59:59.999
166.969841975,2020-01-19 23:59:59.999
167.120509335,2020-01-20 23:59:59.999
169.69716391,2020-01-21 23:59:59.999
168.294161709,2020-01-22 23:59:59.999
162.928558428,2020-01-23 23:59:59.999
163.051182861,2020-01-24 23:59:59.999
161.283936353,2020-01-25 23:59:59.999
168.077100489,2020-01-26 23:59:59.999
170.930890433,2020-01-27 23:59:59.999
176.370320541,2020-01-28 23:59:59.999
175.050337929,2020-01-29 23:59:59.999
184.690476436,2020-01-30 23:59:59.999
180.160175239,2020-01-31 23:59:59.999
183.673947121,2020-02-01 23:59:59.999
188.617538168,2020-02-02 23:59:59.999
189.865063235,2020-02-03 23:59:59.999
189.250602393,2020-02-04 23:59:59.999
204.230244698,2020-02-05 23:59:59.999
212.339079745,2020-02-06 23:59:59.999
222.72606629,2020-02-07 23:59:59.999
223.146521744,2020-02-08 23:59:59.999
228.578569991,2020-02-09 23:59:59.999
223.52269963,2020-02-10 23:59:59.999
235.851199501,2020-02-11 23:59:59.999
265.406126106,2020-02-12 23:59:59.999
268.099256044,2020-02-13 23:59:59.999
284.217509609,2020-02-14 23:59:59.999
264.728585265,2020-02-15 23:59:59.999
259.894703492,2020-02-16 23:59:59.999
266.363446303,2020-02-17 23:59:59.999
281.944579134,2020-02-18 23:59:59.999
259.763962739,2020-02-19 23:59:59.999
257.949455024,2020-02-20 23:59:59.999
265.600612524,2020-02-21 23:59:59.999
262.331720974,2020-02-22 23:59:59.999
273.754156046,2020-02-23 23:59:59.999
265.216417336,2020-02-24 23:59:59.999
247.817592279,2020-02-25 23:59:59.999
225.680265514,2020-02-26 23:59:59.999
226.753395276,2020-02-27 23:59:59.999
226.760501479,2020-02-28 23:59:59.999
219.84851255,2020-02-29 23:59:59.999
218.970599927,2020-03-01 23:59:59.999
230.569781825,2020-03-02 23:59:59.999
224.479622332,2020-03-03 23:59:59.999
224.517976367,2020-03-04 23:59:59.999
229.26818886,2020-03-05 23:59:59.999
243.525299741,2020-03-06 23:59:59.999
237.853095033,2020-03-07 23:59:59.999
200.689052256,2020-03-08 23:59:59.999
201.986327111,2020-03-09 23:59:59.999
200.767247427,2020-03-10 23:59:59.999
194.868528471,2020-03-11 23:59:59.999
112.347123759,2020-03-12 23:59:59.999
133.201807239,2020-03-13 23:59:59.999
123.306024593,2020-03-14 23:59:59.999
125.214304313,2020-03-15 23:59:59.999
110.605876012,2020-03-16 23:59:59.999
113.942750228,2020-03-17 23:59:59.999
114.842273039,2020-03-18 23:59:59.999
136.593857971,2020-03-19 23:59:59.999
132.737170068,2020-03-20 23:59:59.999
132.818707849,2020-03-21 23:59:59.999
123.321147745,2020-03-22 23:59:59.999
134.911612009,2020-03-23 23:59:59.999
138.761445013,2020-03-24 23:59:59.999
136.195892908,2020-03-25 23:59:59.999
138.361557339,2020-03-26 23:59:59.999
133.937940192,2020-03-27 23:59:59.999
130.986494884,2020-03-28 23:59:59.999
125.583730441,2020-03-29 23:59:59.999
132.904538063,2020-03-30 23:59:59.999
133.593565057,2020-03-31 23:59:59.999
135.634552336,2020-04-01 23:59:59.999
142.029147631,2020-04-02 23:59:59.999
142.091309874,2020-04-03 23:59:59.999
145.219384622,2020-04-04 23:59:59.999
143.54664871,2020-04-05 23:59:59.999
169.135884595,2020-04-06 23:59:59.999
165.101942525,2020-04-07 23:59:59.999
172.641733789,2020-04-08 23:59:59.999
170.807147486,2020-04-09 23:59:59.999
158.412448608,2020-04-10 23:59:59.999
158.216023679,2020-04-11 23:59:59.999
161.142420145,2020-04-12 23:59:59.999
156.279549094,2020-04-13 23:59:59.999
157.596395681,2020-04-14 23:59:59.999
153.286892905,2020-04-15 23:59:59.999
172.157382821,2020-04-16 23:59:59.999
171.638582707,2020-04-17 23:59:59.999
186.914005844,2020-04-18 23:59:59.999
181.614959142,2020-04-19 23:59:59.999
172.297157575,2020-04-20 23:59:59.999
172.737700531,2020-04-21 23:59:59.999
182.599574801,2020-04-22 23:59:59.999
185.028670833,2020-04-23 23:59:59.999
189.236941873,2020-04-24 23:59:59.999
195.515300681,2020-04-25 23:59:59.999
197.317530184,2020-04-26 23:59:59.999
197.2247212,2020-04-27 23:59:59.999
198.415382994,2020-04-28 23:59:59.999
216.968223855,2020-04-29 23:59:59.999
207.602055895,2020-04-30 23:59:59.999
214.219106382,2020-05-01 23:59:59.999
215.32538422,2020-05-02 23:59:59.999
210.93315693,2020-05-03 23:59:59.999
208.174010942,2020-05-04 23:59:59.999
206.774404531,2020-05-05 23:59:59.999
204.055782253,2020-05-06 23:59:59.999
212.289405787,2020-05-07 23:59:59.999
212.991579806,2020-05-08 23:59:59.999
211.600123566,2020-05-09 23:59:59.999
188.599570436,2020-05-10 23:59:59.999
185.91283695,2020-05-11 23:59:59.999
189.312502269,2020-05-12 23:59:59.999
199.193283428,2020-05-13 23:59:59.999
202.949100772,2020-05-14 23:59:59.999
195.622658341,2020-05-15 23:59:59.999
200.677118596,2020-05-16 23:59:59.999
207.158694333,2020-05-17 23:59:59.999
214.525055208,2020-05-18 23:59:59.999
213.451110911,2020-05-19 23:59:59.999
210.096735593,2020-05-20 23:59:59.999
199.883605552,2020-05-21 23:59:59.999
207.169194624,2020-05-22 23:59:59.999
208.694402844,2020-05-23 23:59:59.999
202.370350969,2020-05-24 23:59:59.999
205.319750096,2020-05-25 23:59:59.999
201.902309998,2020-05-26 23:59:59.999
208.863429364,2020-05-27 23:59:59.999
219.840431324,2020-05-28 23:59:59.999
220.675124275,2020-05-29 23:59:59.999
242.345590189,2020-05-30 23:59:59.999
230.975700856,2020-05-31 23:59:59.999
246.991760327,2020-06-01 23:59:59.999
237.219061533,2020-06-02 23:59:59.999
244.179324047,2020-06-03 23:59:59.999
244.426387575,2020-06-04 23:59:59.999
241.221991758,2020-06-05 23:59:59.999
241.931320121,2020-06-06 23:59:59.999
245.167259144,2020-06-07 23:59:59.999
246.309898559,2020-06-08 23:59:59.999
244.911453825,2020-06-09 23:59:59.999
247.444943732,2020-06-10 23:59:59.999
231.702669421,2020-06-11 23:59:59.999
237.493210284,2020-06-12 23:59:59.999
238.908842797,2020-06-13 23:59:59.999
234.114695213,2020-06-14 23:59:59.999
229.928901759,2020-06-15 23:59:59.999
234.416174104,2020-06-16 23:59:59.999
233.028279483,2020-06-17 23:59:59.999
232.101162633,2020-06-18 23:59:59.999
227.138289785,2020-06-19 23:59:59.999
229.274256792,2020-06-20 23:59:59.999
228.989820504,2020-06-21 23:59:59.999
242.53319314,2020-06-22 23:59:59.999
244.142144306,2020-06-23 23:59:59.999
235.772462091,2020-06-24 23:59:59.999
232.944486695,2020-06-25 23:59:59.999
229.66803925,2020-06-26 23:59:59.999
222.959785939,2020-06-27 23:59:59.999
225.347168434,2020-06-28 23:59:59.999
228.194866701,2020-06-29 23:59:59.999
226.314997358,2020-06-30 23:59:59.999
231.113421712,2020-07-01 23:59:59.999
229.392201582,2020-07-02 23:59:59.999
225.387063259,2020-07-03 23:59:59.999
229.074112293,2020-07-04 23:59:59.999
227.664598709,2020-07-05 23:59:59.999
241.510225122,2020-07-06 23:59:59.999
239.075528329,2020-07-07 23:59:59.999
246.670015358,2020-07-08 23:59:59.999
243.015967829,2020-07-09 23:59:59.999
240.984985207,2020-07-10 23:59:59.999
239.45817693,2020-07-11 23:59:59.999
242.131695235,2020-07-12 23:59:59.999
239.60458484,2020-07-13 23:59:59.999
240.211494177,2020-07-14 23:59:59.999
238.423526948,2020-07-15 23:59:59.999
233.640883013,2020-07-16 23:59:59.999
232.773085613,2020-07-17 23:59:59.999
235.483805219,2020-07-18 23:59:59.999
238.487523715,2020-07-19 23:59:59.999
236.153167708,2020-07-20 23:59:59.999
245.01672849,2020-07-21 23:59:59.999
262.190656292,2020-07-22 23:59:59.999
274.689049046,2020-07-23 23:59:59.999
279.215409484,2020-07-24 23:59:59.999
304.056761197,2020-07-25 23:59:59.999
309.643609292,2020-07-26 23:59:59.999
321.514088181,2020-07-27 23:59:59.999
316.657252341,2020-07-28 23:59:59.999
318.190884419,2020-07-29 23:59:59.999
334.586629282,2020-07-30 23:59:59.999
345.554649307,2020-07-31 23:59:59.999
385.199719325,2020-08-01 23:59:59.999
370.671711492,2020-08-02 23:59:59.999
386.295173437,2020-08-03 23:59:59.999
389.875485136,2020-08-04 23:59:59.999
401.59058634,2020-08-05 23:59:59.999
394.961957147,2020-08-06 23:59:59.999
379.512855039,2020-08-07 23:59:59.999
393.987376065,2020-08-08 23:59:59.999
391.120454943,2020-08-09 23:59:59.999
395.887569508,2020-08-10 23:59:59.999
380.384068285,2020-08-11 23:59:59.999
391.024162058,2020-08-12 23:59:59.999
394.3667405,2020-08-13 23:59:59.999
394.3667405,2020-08-14 23:59:59.999
432.87136936,2020-08-15 23:59:59.999
433.786609983,2020-08-16 23:59:59.999
429.531252334,2020-08-17 23:59:59.999
423.669315654,2020-08-18 23:59:59.999
406.463786824,2020-08-19 23:59:59.999
416.439794883,2020-08-20 23:59:59.999
389.126350308,2020-08-21 23:59:59.999
395.835141215,2020-08-22 23:59:59.999
391.384499842,2020-08-23 23:59:59.999
408.144207149,2020-08-24 23:59:59.999
384.001043035,2020-08-25 23:59:59.999
386.466124211,2020-08-26 23:59:59.999
382.632632123,2020-08-27 23:59:59.999
395.874666093,2020-08-28 23:59:59.999
399.921471038,2020-08-29 23:59:59.999
428.395717595,2020-08-30 23:59:59.999
435.079745266,2020-08-31 23:59:59.999
477.051924154,2020-09-01 23:59:59.999
440.040506887,2020-09-02 23:59:59.999
385.671928369,2020-09-03 23:59:59.999
388.241140415,2020-09-04 23:59:59.999
335.260079079,2020-09-05 23:59:59.999
353.362265679,2020-09-06 23:59:59.999
352.673494754,2020-09-07 23:59:59.999
337.602111896,2020-09-08 23:59:59.999
351.110016528,2020-09-09 23:59:59.999
368.101907072,2020-09-10 23:59:59.999
374.695588755,2020-09-11 23:59:59.999
387.183109613,2020-09-12 23:59:59.999
365.570005047,2020-09-13 23:59:59.999
377.268875067,2020-09-14 23:59:59.999
364.83921823,2020-09-15 23:59:59.999
365.812291316,2020-09-16 23:59:59.999
389.019219686,2020-09-17 23:59:59.999
384.364541978,2020-09-18 23:59:59.999
385.544383604,2020-09-19 23:59:59.999
371.052826188,2020-09-20 23:59:59.999
341.78607406,2020-09-21 23:59:59.999
344.503162317,2020-09-22 23:59:59.999
321.11631734,2020-09-23 23:59:59.999
349.35558514,2020-09-24 23:59:59.999
352.18324474,2020-09-25 23:59:59.999
355.48809037,2020-09-26 23:59:59.999
357.43849724,2020-09-27 23:59:59.999
355.15942359,2020-09-28 23:59:59.999
359.75739393,2020-09-29 23:59:59.999
359.93787376,2020-09-30 23:59:59.999
353.20591482,2020-10-01 23:59:59.999
346.2389138,2020-10-02 23:59:59.999
346.52208572,2020-10-03 23:59:59.999
352.5790067,2020-10-04 23:59:59.999
353.95677154,2020-10-05 23:59:59.999
340.81584538,2020-10-06 23:59:59.999
341.80866898,2020-10-07 23:59:59.999
350.76615934,2020-10-08 23:59:59.999
365.59047723,2020-10-09 23:59:59.999
370.96758819,2020-10-10 23:59:59.999
375.14204941,2020-10-11 23:59:59.999
387.7312655,2020-10-12 23:59:59.999
381.19076126,2020-10-13 23:59:59.999
379.48403791,2020-10-14 23:59:59.999
377.44184574,2020-10-15 23:59:59.999
366.22901728,2020-10-16 23:59:59.999
368.85594038,2020-10-17 23:59:59.999
378.21369795,2020-10-18 23:59:59.999
379.93560927,2020-10-19 23:59:59.999
369.13691491,2020-10-20 23:59:59.999
392.18996695,2020-10-21 23:59:59.999
413.77299269,2020-10-22 23:59:59.999
409.76669164,2020-10-23 23:59:59.999
412.45761883,2020-10-24 23:59:59.999
406.2177613,2020-10-25 23:59:59.999
393.88831313,2020-10-26 23:59:59.999
403.99704505,2020-10-27 23:59:59.999
388.65077072,2020-10-28 23:59:59.999
386.7301135,2020-10-29 23:59:59.999
382.81999199,2020-10-30 23:59:59.999
386.59033529,2020-10-31 23:59:59.999
396.35818693,2020-11-01 23:59:59.999
383.15673256,2020-11-02 23:59:59.999
387.60217328,2020-11-03 23:59:59.999
402.14199843,2020-11-04 23:59:59.999
414.06733818,2020-11-05 23:59:59.999
454.71929029,2020-11-06 23:59:59.999
435.71313513,2020-11-07 23:59:59.999
453.55478553,2020-11-08 23:59:59.999
444.16305707,2020-11-09 23:59:59.999
449.67962112,2020-11-10 23:59:59.999
462.96052774,2020-11-11 23:59:59.999
461.00527114,2020-11-12 23:59:59.999
474.62642092,2020-11-13 23:59:59.999
460.14983674,2020-11-14 23:59:59.999
447.55909533,2020-11-15 23:59:59.999
459.94031258,2020-11-16 23:59:59.999
480.36008258,2020-11-17 23:59:59.999
479.48406975,2020-11-18 23:59:59.999
471.63041968,2020-11-19 23:59:59.999
509.74457334,2020-11-20 23:59:59.999
549.48662086,2020-11-21 23:59:59.999
558.06809523,2020-11-22 23:59:59.999
608.45402857,2020-11-23 23:59:59.999
603.89774601,2020-11-24 23:59:59.999
570.68661621,2020-11-25 23:59:59.999
518.80117389,2020-11-26 23:59:59.999
517.49368769,2020-11-27 23:59:59.999
538.22980058,2020-11-28 23:59:59.999
575.75804789,2020-11-29 23:59:59.999
614.84252202,2020-11-30 23:59:59.999
587.32418713,2020-12-01 23:59:59.999
598.35234223,2020-12-02 23:59:59.999
616.70875486,2020-12-03 23:59:59.999
569.35419749,2020-12-04 23:59:59.999
596.59547474,2020-12-05 23:59:59.999
601.90899244,2020-12-06 23:59:59.999
591.84337934,2020-12-07 23:59:59.999
554.82775708,2020-12-08 23:59:59.999
573.47911163,2020-12-09 23:59:59.999
559.67850106,2020-12-10 23:59:59.999
545.79734103,2020-12-11 23:59:59.999
568.56731778,2020-12-12 23:59:59.999
589.6632225,2020-12-13 23:59:59.999
586.01115197,2020-12-14 23:59:59.999
589.35560245,2020-12-15 23:59:59.999
636.18184867,2020-12-16 23:59:59.999
642.86896702,2020-12-17 23:59:59.999
654.81192689,2020-12-18 23:59:59.999
659.29792646,2020-12-19 23:59:59.999
638.29084637,2020-12-20 23:59:59.999
609.81787165,2020-12-21 23:59:59.999
634.85419947,2020-12-22 23:59:59.999
583.71459689,2020-12-23 23:59:59.999
611.60718693,2020-12-24 23:59:59.999
626.41070163,2020-12-25 23:59:59.999
635.83583086,2020-12-26 23:59:59.999
682.6423591,2020-12-27 23:59:59.999
730.39736483,2020-12-28 23:59:59.999
731.52011874,2020-12-29 23:59:59.999
751.61897194,2020-12-30 23:59:59.999
737.80339769,2020-12-31 23:59:59.999
774.53496804,2021-01-02 23:59:59.999
975.50767291,2021-01-03 23:59:59.999
1040.23304833,2021-01-04 23:59:59.999
1100.00609944,2021-01-05 23:59:59.999
1207.11223389,2021-01-06 23:59:59.999
1225.67813488,2021-01-07 23:59:59.999
1224.19714489,2021-01-08 23:59:59.999
1281.07729102,2021-01-09 23:59:59.999
1262.24666381,2021-01-10 23:59:59.999
1090.14537315,2021-01-11 23:59:59.999
1043.43458391,2021-01-12 23:59:59.999
1130.73940242,2021-01-13 23:59:59.999
1218.45297846,2021-01-14 23:59:59.999
1171.83461074,2021-01-15 23:59:59.999
1233.53756838,2021-01-16 23:59:59.999
1230.17227237,2021-01-17 23:59:59.999
1257.27950247,2021-01-18 23:59:59.999
1377.29584154,2021-01-19 23:59:59.999
1382.27409433,2021-01-20 23:59:59.999
1121.57091957,2021-01-21 23:59:59.999
1236.51220729,2021-01-22 23:59:59.999
1230.99063605,2021-01-23 23:59:59.999
1391.60940757,2021-01-24 23:59:59.999
1324.414778,2021-01-25 23:59:59.999
1357.0581398,2021-01-26 23:59:59.999
1253.18713315,2021-01-27 23:59:59.999
1332.49224455,2021-01-28 23:59:59.999
1382.52281244,2021-01-29 23:59:59.999
1376.11553895,2021-01-30 23:59:59.999
1314.9862286,2021-01-31 23:59:59.999
1369.04046855,2021-02-01 23:59:59.999
1515.19376962,2021-02-02 23:59:59.999
1660.909542,2021-02-03 23:59:59.999
1594.76269414,2021-02-04 23:59:59.999
1718.65087218,2021-02-05 23:59:59.999
1677.84684697,2021-02-06 23:59:59.999
1614.22782334,2021-02-07 23:59:59.999
1746.61684904,2021-02-08 23:59:59.999
1768.03501655,2021-02-09 23:59:59.999
1744.24343196,2021-02-10 23:59:59.999
1783.79795026,2021-02-11 23:59:59.999
1843.53258814,2021-02-12 23:59:59.999
1814.10985253,2021-02-13 23:59:59.999
1805.08404652,2021-02-14 23:59:59.999
1779.79097807,2021-02-15 23:59:59.999
1781.06747722,2021-02-16 23:59:59.999
1848.4582725,2021-02-17 23:59:59.999
1937.44925643,2021-02-18 23:59:59.999
1960.16474353,2021-02-19 23:59:59.999
1919.5340028,2021-02-20 23:59:59.999
1935.60106022,2021-02-21 23:59:59.999
1781.99297558,2021-02-22 23:59:59.999
1570.20392529,2021-02-23 23:59:59.999
1626.57570543,2021-02-24 23:59:59.999
1475.70373513,2021-02-25 23:59:59.999
1446.0336503,2021-02-26 23:59:59.999
1459.97312093,2021-02-27 23:59:59.999
1416.0489059,2021-02-28 23:59:59.999
1564.70764686,2021-03-01 23:59:59.999
1492.60881427,2021-03-02 23:59:59.999
1575.85312451,2021-03-03 23:59:59.999
1541.91428551,2021-03-04 23:59:59.999
1533.27497556,2021-03-05 23:59:59.999
1654.74151694,2021-03-06 23:59:59.999
1723.15379607,2021-03-07 23:59:59.999
1834.72788609,2021-03-08 23:59:59.999
1868.04878133,2021-03-09 23:59:59.999
1799.16622355,2021-03-10 23:59:59.999
1826.19498661,2021-03-11 23:59:59.999
1772.10247833,2021-03-12 23:59:59.999
1924.68543997,2021-03-13 23:59:59.999
1854.56437805,2021-03-14 23:59:59.999
1791.70230241,2021-03-15 23:59:59.999
1806.9717631,2021-03-16 23:59:59.999
1823.44937973,2021-03-17 23:59:59.999
1782.85512445,2021-03-18 23:59:59.999
1817.62409241,2021-03-19 23:59:59.999
1812.63460132,2021-03-20 23:59:59.999
1788.21700883,2021-03-21 23:59:59.999
1691.33401831,2021-03-22 23:59:59.999
1678.65013849,2021-03-23 23:59:59.999
1593.4134567,2021-03-24 23:59:59.999
1595.359192,2021-03-25 23:59:59.999
1702.84201957,2021-03-26 23:59:59.999
1716.49461243,2021-03-27 23:59:59.999
1691.35596451,2021-03-28 23:59:59.999
1819.68496282,2021-03-29 23:59:59.999
1846.03369779,2021-03-30 23:59:59.999
1918.36206064,2021-03-31 23:59:59.999
1977.27688844,2021-04-01 23:59:59.999
2143.22563228,2021-04-02 23:59:59.999
2028.4224386,2021-04-03 23:59:59.999
2093.12285275,2021-04-04 23:59:59.999
2107.88709669,2021-04-05 23:59:59.999
2118.37895913,2021-04-06 23:59:59.999
1971.07725542,2021-04-07 23:59:59.999
2088.57365088,2021-04-08 23:59:59.999
2072.10887563,2021-04-09 23:59:59.999
2135.9422007,2021-04-10 23:59:59.999
2157.65703708,2021-04-11 23:59:59.999
2139.35319598,2021-04-12 23:59:59.999
2299.18778599,2021-04-13 23:59:59.999
2435.10501889,2021-04-14 23:59:59.999
2519.11610012,2021-04-15 23:59:59.999
2431.94650379,2021-04-16 23:59:59.999
2344.89498097,2021-04-17 23:59:59.999
2237.13702776,2021-04-18 23:59:59.999
2166.1887655,2021-04-19 23:59:59.999
2330.21093719,2021-04-20 23:59:59.999
2364.75182249,2021-04-21 23:59:59.999
2403.53524134,2021-04-22 23:59:59.999
2363.58620073,2021-04-23 23:59:59.999
2211.62580802,2021-04-24 23:59:59.999
2316.05965928,2021-04-25 23:59:59.999
2534.4817987,2021-04-26 23:59:59.999
2662.86524559,2021-04-27 23:59:59.999
2746.38005291,2021-04-28 23:59:59.999
2756.87699416,2021-04-29 23:59:59.999
2773.20713193,2021-04-30 23:59:59.999
2945.89270802,2021-05-01 23:59:59.999
2952.05605494,2021-05-02 23:59:59.999
3431.08613981,2021-05-03 23:59:59.999
3253.62947001,2021-05-04 23:59:59.999
3522.78318978,2021-05-05 23:59:59.999
3490.88045894,2021-05-06 23:59:59.999
3484.72889546,2021-05-07 23:59:59.999
3902.64773368,2021-05-08 23:59:59.999
3928.84470583,2021-05-09 23:59:59.999
3952.29387234,2021-05-10 23:59:59.999
4168.70104865,2021-05-11 23:59:59.999
3785.84860304,2021-05-12 23:59:59.999
3715.14846639,2021-05-13 23:59:59.999
4079.05745857,2021-05-14 23:59:59.999
3638.12204192,2021-05-15 23:59:59.999
3587.50620646,2021-05-16 23:59:59.999
3282.39779583,2021-05-17 23:59:59.999
3380.0700925,2021-05-18 23:59:59.999
2460.67920048,2021-05-19 23:59:59.999
2784.29415835,2021-05-20 23:59:59.999
2430.62138539,2021-05-21 23:59:59.999
2295.70565666,2021-05-22 23:59:59.999
2109.57985208,2021-05-23 23:59:59.999
2643.5909947,2021-05-24 23:59:59.999
2706.62898111,2021-05-25 23:59:59.999
2888.69868104,2021-05-26 23:59:59.999
2736.48858585,2021-05-27 23:59:59.999
2419.90629016,2021-05-28 23:59:59.999
2279.51417661,2021-05-29 23:59:59.999
2390.305302,2021-05-30 23:59:59.999
2714.94534372,2021-05-31 23:59:59.999
2633.51841662,2021-06-01 23:59:59.999
2706.12497095,2021-06-02 23:59:59.999
2855.12653096,2021-06-03 23:59:59.999
2688.19499931,2021-06-04 23:59:59.999
2630.57680077,2021-06-05 23:59:59.999
2715.09266119,2021-06-06 23:59:59.999
2590.26330395,2021-06-07 23:59:59.999
2517.43862412,2021-06-08 23:59:59.999
2608.26698585,2021-06-09 23:59:59.999
2471.51867508,2021-06-10 23:59:59.999
2353.76868661,2021-06-11 23:59:59.999
2372.48445358,2021-06-12 23:59:59.999
2508.39163246,2021-06-13 23:59:59.999
2537.8911584,2021-06-14 23:59:59.999
2610.93672749,2021-06-15 23:59:59.999
2367.6634963,2021-06-16 23:59:59.999
2372.00202359,2021-06-17 23:59:59.999
2231.73314201,2021-06-18 23:59:59.999
2178.49913873,2021-06-19 23:59:59.999
2246.36453295,2021-06-20 23:59:59.999
1888.44749682,2021-06-21 23:59:59.999
1874.95002135,2021-06-22 23:59:59.999
1989.73627073,2021-06-23 23:59:59.999
1988.45627579,2021-06-24 23:59:59.999
1813.21723241,2021-06-25 23:59:59.999
1829.23921725,2021-06-26 23:59:59.999
1978.89466209,2021-06-27 23:59:59.999
2079.65743586,2021-06-28 23:59:59.999
2160.76835244,2021-06-29 23:59:59.999
2274.54771264,2021-06-30 23:59:59.999
2113.60552345,2021-07-01 23:59:59.999
2150.04036404,2021-07-02 23:59:59.999
2226.11428196,2021-07-03 23:59:59.999
2321.72411157,2021-07-04 23:59:59.999
2198.58246387,2021-07-05 23:59:59.999
2324.67944917,2021-07-06 23:59:59.999
2315.16197531,2021-07-07 23:59:59.999
2120.02634294,2021-07-08 23:59:59.999
2146.69232351,2021-07-09 23:59:59.999
2111.40345618,2021-07-10 23:59:59.999
2139.66474161,2021-07-11 23:59:59.999
2036.72101006,2021-07-12 23:59:59.999
1940.08396596,2021-07-13 23:59:59.999
1994.33133747,2021-07-14 23:59:59.999
1911.17561568,2021-07-15 23:59:59.999
1880.38298492,2021-07-16 23:59:59.999
1898.82521323,2021-07-17 23:59:59.999
1895.5521368,2021-07-18 23:59:59.999
1817.29665658,2021-07-19 23:59:59.999
1787.51071384,2021-07-20 23:59:59.999
1990.97088199,2021-07-21 23:59:59.999
2025.20278418,2021-07-22 23:59:59.999
2124.77667106,2021-07-23 23:59:59.999
2189.21874674,2021-07-24 23:59:59.999
2191.37373048,2021-07-25 23:59:59.999
2233.36662352,2021-07-26 23:59:59.999
2298.33346431,2021-07-27 23:59:59.999
2296.54549893,2021-07-28 23:59:59.999
2380.95675344,2021-07-29 23:59:59.999
2466.96151071,2021-07-30 23:59:59.999
2536.21003475,2021-07-31 23:59:59.999
2561.85215266,2021-08-01 23:59:59.999
2610.15342227,2021-08-02 23:59:59.999
2502.3495771,2021-08-03 23:59:59.999
2724.61989291,2021-08-04 23:59:59.999
2827.32894604,2021-08-05 23:59:59.999
2890.9417282,2021-08-06 23:59:59.999
3157.23877128,2021-08-07 23:59:59.999
3013.73275583,2021-08-08 23:59:59.999
3167.85622304,2021-08-09 23:59:59.999
3141.69117023,2021-08-10 23:59:59.999
3164.24504575,2021-08-11 23:59:59.999
3043.41434022,2021-08-12 23:59:59.999
3322.21175551,2021-08-13 23:59:59.999
3265.44335714,2021-08-14 23:59:59.999
3310.50417134,2021-08-15 23:59:59.999
3156.50942728,2021-08-16 23:59:59.999
3014.84603892,2021-08-17 23:59:59.999
3020.08992003,2021-08-18 23:59:59.999
3182.70222539,2021-08-19 23:59:59.999
3286.93532606,2021-08-20 23:59:59.999
3226.08393694,2021-08-21 23:59:59.999
3242.11555659,2021-08-22 23:59:59.999
3319.25727377,2021-08-23 23:59:59.999
3172.45639017,2021-08-24 23:59:59.999
3224.91517738,2021-08-25 23:59:59.999
3100.32543567,2021-08-26 23:59:59.999
3270.6008315,2021-08-27 23:59:59.999
3244.40326129,2021-08-28 23:59:59.999
3227.00277414,2021-08-29 23:59:59.999
3224.37414829,2021-08-30 23:59:59.999
3433.73278118,2021-08-31 23:59:59.999
3834.82800549,2021-09-01 23:59:59.999
3790.99008761,2021-09-02 23:59:59.999
3940.61473675,2021-09-03 23:59:59.999
3887.82849032,2021-09-04 23:59:59.999
3952.13349685,2021-09-05 23:59:59.999
3928.3794378,2021-09-06 23:59:59.999
3426.39431843,2021-09-07 23:59:59.999
3497.3151233,2021-09-08 23:59:59.999
3427.34018594,2021-09-09 23:59:59.999
3211.50584011,2021-09-10 23:59:59.999
3270.27812481,2021-09-11 23:59:59.999
3410.13459276,2021-09-12 23:59:59.999
3285.5117662639,2021-09-13 23:59:59.999
3429.1696365975,2021-09-14 23:59:59.999
3615.2826163789,2021-09-15 23:59:59.999
3571.2949350055,2021-09-16 23:59:59.999
3398.5387778215,2021-09-17 23:59:59.999
3432.018234624,2021-09-18 23:59:59.999
3329.4478948984,2021-09-19 23:59:59.999
2958.9935047283,2021-09-20 23:59:59.999
2764.431130865,2021-09-21 23:59:59.999
3077.8679805271,2021-09-22 23:59:59.999
3155.5237338612,2021-09-23 23:59:59.999
2931.6692167197,2021-09-24 23:59:59.999
2925.5656086902,2021-09-25 23:59:59.999
3062.2653558037,2021-09-26 23:59:59.999
2934.1387982986,2021-09-27 23:59:59.999
2807.2967397712,2021-09-28 23:59:59.999
2853.1433729159,2021-09-29 23:59:59.999
3001.6790517388,2021-09-30 23:59:59.999
3307.5160778952,2021-10-01 23:59:59.999
3391.6943469498,2021-10-02 23:59:59.999
3418.3586596174,2021-10-03 23:59:59.999
3380.0892003794,2021-10-04 23:59:59.999
3518.5185173668,2021-10-05 23:59:59.999
3580.562049118,2021-10-06 23:59:59.999
3587.974768108,2021-10-07 23:59:59.999
3563.7592193153,2021-10-08 23:59:59.999
3575.7168601111,2021-10-09 23:59:59.999
3425.8528528103,2021-10-10 23:59:59.999
3545.3540762503,2021-10-11 23:59:59.999
3492.5732717933,2021-10-12 23:59:59.999
3606.2015802322,2021-10-13 23:59:59.999
3786.0140899273,2021-10-14 23:59:59.999
3862.6347654414,2021-10-15 23:59:59.999
3830.3821491371,2021-10-16 23:59:59.999
3847.1045954765,2021-10-17 23:59:59.999
3748.760140639,2021-10-18 23:59:59.999
3877.650974521,2021-10-19 23:59:59.999
4155.9922109016,2021-10-20 23:59:59.999
4054.322680585,2021-10-21 23:59:59.999
3970.1819041263,2021-10-22 23:59:59.999
4171.6635316783,2021-10-23 23:59:59.999
4087.9030050266,2021-10-24 23:59:59.999
4217.8769262219,2021-10-25 23:59:59.999
4131.1020027753,2021-10-26 23:59:59.999
3930.2572450471,2021-10-27 23:59:59.999
4287.3186319286,2021-10-28 23:59:59.999
4414.7466822498,2021-10-29 23:59:59.999
4325.6503660056,2021-10-30 23:59:59.999
4288.0744524723,2021-10-31 23:59:59.999
4324.6267937763,2021-11-01 23:59:59.999
4584.7986683562,2021-11-02 23:59:59.999
4607.1936070275,2021-11-03 23:59:59.999
4537.3240812825,2021-11-04 23:59:59.999
4486.2434052108,2021-11-05 23:59:59.999
4521.5810828056,2021-11-06 23:59:59.999
4620.5545029476,2021-11-07 23:59:59.999
4812.0876135348,2021-11-08 23:59:59.999
4735.0687550108,2021-11-09 23:59:59.999
4636.1742138137,2021-11-10 23:59:59.999
4730.3840385038,2021-11-11 23:59:59.999
4667.1154372084,2021-11-12 23:59:59.999
4651.460545018,2021-11-13 23:59:59.999
4626.3591259873,2021-11-14 23:59:59.999
4557.5037904508,2021-11-15 23:59:59.999
4216.3652329508,2021-11-16 23:59:59.999
4287.5939354912,2021-11-17 23:59:59.999
4000.6508651381,2021-11-18 23:59:59.999
4298.3066195466,2021-11-19 23:59:59.999
4409.9309250596,2021-11-20 23:59:59.999
4269.7330337867,2021-11-21 23:59:59.999
4088.4578165556,2021-11-22 23:59:59.999
4340.7637274697,2021-11-23 23:59:59.999
4239.9816819451,2021-11-24 23:59:59.999
4274.7432411819,2021-11-25 23:59:59.999
4030.9090107593,2021-11-26 23:59:59.999
4096.9120879995,2021-11-27 23:59:59.999
4294.453696226,2021-11-28 23:59:59.999
4445.1050078407,2021-11-29 23:59:59.999
4631.4787953361,2021-11-30 23:59:59.999
4586.9901314905,2021-12-01 23:59:59.999
4511.3024876508,2021-12-02 23:59:59.999
4220.7059283582,2021-12-03 23:59:59.999
4119.5873499557,2021-12-04 23:59:59.999
4198.3228725403,2021-12-05 23:59:59.999
4358.7375446631,2021-12-06 23:59:59.999
4315.0615432082,2021-12-07 23:59:59.999
4439.3577040324,2021-12-08 23:59:59.999
4119.8157981194,2021-12-09 23:59:59.999
3908.4961885009,2021-12-10 23:59:59.999
4084.4523285721,2021-12-11 23:59:59.999
4134.4533314793,2021-12-12 23:59:59.999
3784.2267878693,2021-12-13 23:59:59.999
3745.4403998743,2021-12-14 23:59:59.999
4018.3886028698,2021-12-15 23:59:59.999
3962.4696385927,2021-12-16 23:59:59.999
3879.4866765735,2021-12-17 23:59:59.999
3960.8600159608,2021-12-18 23:59:59.999
3922.5926443659,2021-12-19 23:59:59.999
3933.8445317309,2021-12-20 23:59:59.999
4020.2600395306,2021-12-21 23:59:59.999
3982.0995306524,2021-12-22 23:59:59.999
4108.0155124594,2021-12-23 23:59:59.999
4047.98288882,2021-12-24 23:59:59.999
4093.2809111356,2021-12-25 23:59:59.999
4067.328096647,2021-12-26 23:59:59.999
4037.5476922425,2021-12-27 23:59:59.999
3800.8930853403,2021-12-28 23:59:59.999
3628.531670825,2021-12-29 23:59:59.999
3713.8521625699,2021-12-30 23:59:59.999
3682.6329054434,2021-12-31 23:59:59.999
3769.6969160089,2022-01-01 23:59:59.999
3761.3802740698,2022-01-03 23:59:59.999
3794.0566786784,2022-01-04 23:59:59.999
3550.3868815397,2022-01-05 23:59:59.999
3418.4082471419,2022-01-06 23:59:59.999
3193.2104832854,2022-01-07 23:59:59.999
3091.9725838675,2022-01-08 23:59:59.999
3157.7514845574,2022-01-09 23:59:59.999
3083.0979490511,2022-01-10 23:59:59.999
3238.1116493614,2022-01-11 23:59:59.999
3372.2583258487,2022-01-12 23:59:59.999
3248.288475802,2022-01-13 23:59:59.999
3310.0014227047,2022-01-14 23:59:59.999
3330.5308455592,2022-01-15 23:59:59.999
3350.9219689819,2022-01-16 23:59:59.999
3212.3048970829,2022-01-17 23:59:59.999
3164.0252535298,2022-01-18 23:59:59.999
3095.8258381686,2022-01-19 23:59:59.999
3001.1200383969,2022-01-20 23:59:59.999
2557.9316232199,2022-01-21 23:59:59.999
2405.181065401,2022-01-22 23:59:59.999
2535.0390510606,2022-01-23 23:59:59.999
2440.3523259375,2022-01-24 23:59:59.999
2455.9349620985,2022-01-25 23:59:59.999
2468.0302778127,2022-01-26 23:59:59.999
2423.0012634172,2022-01-27 23:59:59.999
2547.0919776439,2022-01-28 23:59:59.999
2597.0846923895,2022-01-29 23:59:59.999
2603.4665820569,2022-01-30 23:59:59.999
2688.2789217993,2022-01-31 23:59:59.999
2792.1172443762,2022-02-01 23:59:59.999
2682.8539830123,2022-02-02 23:59:59.999
2679.1625080027,2022-02-03 23:59:59.999
2983.5869952246,2022-02-04 23:59:59.999
3014.6483097265,2022-02-05 23:59:59.999
3057.4761243596,2022-02-06 23:59:59.999
3142.4706148148,2022-02-07 23:59:59.999
3122.6085685691,2022-02-08 23:59:59.999
3239.4571147106,2022-02-09 23:59:59.999
3077.4822390496,2022-02-10 23:59:59.999
2927.3836328192,2022-02-11 23:59:59.999
2917.3626816608,2022-02-12 23:59:59.999
2883.4634878657,2022-02-13 23:59:59.999
2933.479035507,2022-02-14 23:59:59.999
3179.8770759747,2022-02-15 23:59:59.999
3127.8301165651,2022-02-16 23:59:59.999
2881.4820381633,2022-02-17 23:59:59.999
2785.7274909668,2022-02-18 23:59:59.999
2763.7012139901,2022-02-19 23:59:59.999
2628.6485428626,2022-02-20 23:59:59.999
2573.8162259349,2022-02-21 23:59:59.999
2639.2992632462,2022-02-22 23:59:59.999
2590.3596208657,2022-02-23 23:59:59.999
2598.0671601064,2022-02-24 23:59:59.999
2764.5356561157,2022-02-25 23:59:59.999
2781.1119039296,2022-02-26 23:59:59.999
2621.8017939844,2022-02-27 23:59:59.999
2919.2012286555,2022-02-28 23:59:59.999
2972.4850662484,2022-03-01 23:59:59.999
2950.1185006395,2022-03-02 23:59:59.999
2834.4691051703,2022-03-03 23:59:59.999
2617.1560278787,2022-03-04 23:59:59.999
2664.8311744433,2022-03-05 23:59:59.999
2555.0374406482,2022-03-06 23:59:59.999
2497.7713203997,2022-03-07 23:59:59.999
2576.7476117081,2022-03-08 23:59:59.999
2729.7835041625,2022-03-09 23:59:59.999
2608.048497585,2022-03-10 23:59:59.999
2559.5630442845,2022-03-11 23:59:59.999
2574.7542051655,2022-03-12 23:59:59.999
2518.9446311693,2022-03-13 23:59:59.999
2590.6960509187,2022-03-14 23:59:59.999
2620.1496247253,2022-03-15 23:59:59.999
2772.0556183272,2022-03-16 23:59:59.999
2814.8544342078,2022-03-17 23:59:59.999
2945.3430252396,2022-03-18 23:59:59.999
2946.2571390434,2022-03-19 23:59:59.999
2860.4591299715,2022-03-20 23:59:59.999
2897.9766804407,2022-03-21 23:59:59.999
2973.1311309304,2022-03-22 23:59:59.999
3031.0670246895,2022-03-23 23:59:59.999
3108.0619096249,2022-03-24 23:59:59.999
3106.671279528,2022-03-25 23:59:59.999
3143.1790657449,2022-03-26 23:59:59.999
3291.5775859525,2022-03-27 23:59:59.999
3336.634572264,2022-03-28 23:59:59.999
3401.9877380385,2022-03-29 23:59:59.999
3385.1578971365,2022-03-30 23:59:59.999
3281.6428781566,2022-03-31 23:59:59.999
3449.5521302967,2022-04-01 23:59:59.999
3445.0593709592,2022-04-02 23:59:59.999
3522.8334004961,2022-04-03 23:59:59.999
3521.2411366589,2022-04-04 23:59:59.999
3411.792508885,2022-04-05 23:59:59.999
3171.6920096725,2022-04-06 23:59:59.999
3233.2747071583,2022-04-07 23:59:59.999
3192.0740436834,2022-04-08 23:59:59.999
3261.9161708653,2022-04-09 23:59:59.999
3211.8668836881,2022-04-10 23:59:59.999
2981.0523144288,2022-04-11 23:59:59.999
3030.3764559966,2022-04-12 23:59:59.999
3118.344281717,2022-04-13 23:59:59.999
3019.9095098156,2022-04-14 23:59:59.999
3040.9165644004,2022-04-15 23:59:59.999
3062.3103812058,2022-04-16 23:59:59.999
2993.4032822558,2022-04-17 23:59:59.999
3057.6067162363,2022-04-18 23:59:59.999
3104.1065209192,2022-04-19 23:59:59.999
3077.7458333831,2022-04-20 23:59:59.999
2987.4806911944,2022-04-21 23:59:59.999
2964.8356126232,2022-04-22 23:59:59.999
2938.1139934399,2022-04-23 23:59:59.999
2922.7326431959,2022-04-24 23:59:59.999
3009.3935456503,2022-04-25 23:59:59.999
2808.2983318587,2022-04-26 23:59:59.999
2888.929764995,2022-04-27 23:59:59.999
2936.9410161491,2022-04-28 23:59:59.999
2815.6018973624,2022-04-29 23:59:59.999
2730.1868219832,2022-04-30 23:59:59.999
2827.7561442638,2022-05-01 23:59:59.999
2857.4105184866,2022-05-02 23:59:59.999
2783.4762086632,2022-05-03 23:59:59.999
2940.6448266526,2022-05-04 23:59:59.999
2749.2130422077,2022-05-05 23:59:59.999
2694.9796840564,2022-05-06 23:59:59.999
2636.0929579647,2022-05-07 23:59:59.999
2517.4599862673,2022-05-08 23:59:59.999
2245.4305316346,2022-05-09 23:59:59.999
2343.5108884929,2022-05-10 23:59:59.999
2072.1086793073,2022-05-11 23:59:59.999
1961.7015828311,2022-05-12 23:59:59.999
2014.4182339085,2022-05-13 23:59:59.999
2056.2739146574,2022-05-14 23:59:59.999
2145.7066657035,2022-05-15 23:59:59.999
2022.7259340438,2022-05-16 23:59:59.999
2090.4092459523,2022-05-17 23:59:59.999
1916.6561061743,2022-05-18 23:59:59.999
2018.3361706564,2022-05-19 23:59:59.999
1961.3156499717,2022-05-20 23:59:59.999
1974.5183665274,2022-05-21 23:59:59.999
2043.17012556,2022-05-22 23:59:59.999
1972.1818889757,2022-05-23 23:59:59.999
1978.982754263,2022-05-24 23:59:59.999
1944.8278449212,2022-05-25 23:59:59.999
1803.91329239,2022-05-26 23:59:59.999
1724.9228641135,2022-05-27 23:59:59.999
1792.4161559381,2022-05-28 23:59:59.999
1812.0309589115,2022-05-29 23:59:59.999
1996.4412844635,2022-05-30 23:59:59.999
1942.3279982558,2022-05-31 23:59:59.999
1823.5693574295,2022-06-01 23:59:59.999
1834.1505700355,2022-06-02 23:59:59.999
1775.0786195244,2022-06-03 23:59:59.999
1801.6094459601,2022-06-04 23:59:59.999
1805.2049888952,2022-06-05 23:59:59.999
1859.2896664779,2022-06-06 23:59:59.999
1814.0483019012,2022-06-07 23:59:59.999
1793.5723105532,2022-06-08 23:59:59.999
1789.8260449403,2022-06-09 23:59:59.999
1665.0422463295,2022-06-10 23:59:59.999
1529.6634560072,2022-06-11 23:59:59.999
1445.2165942978,2022-06-12 23:59:59.999
1204.5828092361,2022-06-13 23:59:59.999
1211.6628946396,2022-06-14 23:59:59.999
1233.2064427734,2022-06-15 23:59:59.999
1067.7307213128,2022-06-16 23:59:59.999
1086.5193049794,2022-06-17 23:59:59.999
993.6368047205,2022-06-18 23:59:59.999
1127.6564667996,2022-06-19 23:59:59.999
1127.6423965514,2022-06-20 23:59:59.999
1124.8245922873,2022-06-21 23:59:59.999
1051.4219027762,2022-06-22 23:59:59.999
1143.3866855114,2022-06-23 23:59:59.999
1226.8447502771,2022-06-24 23:59:59.999
1243.4469231319,2022-06-25 23:59:59.999
1199.8316334895,2022-06-26 23:59:59.999
1193.680712662,2022-06-27 23:59:59.999
1144.5792743062,2022-06-28 23:59:59.999
1098.9438844421,2022-06-29 23:59:59.999
1067.2987999238,2022-06-30 23:59:59.999
1059.7673821799,2022-07-01 23:59:59.999
1066.512767701,2022-07-02 23:59:59.999
1073.7669875108,2022-07-03 23:59:59.999
1151.0590761861,2022-07-04 23:59:59.999
1134.5409720818,2022-07-05 23:59:59.999
1186.9739821393,2022-07-06 23:59:59.999
1237.5934303651,2022-07-07 23:59:59.999
1222.5061935053,2022-07-08 23:59:59.999
1216.9782836097,2022-07-09 23:59:59.999
1168.4016110715,2022-07-10 23:59:59.999
1097.2365145348,2022-07-11 23:59:59.999
1038.1916953961,2022-07-12 23:59:59.999
1113.5871531398,2022-07-13 23:59:59.999
1191.5262140585,2022-07-14 23:59:59.999
1233.129114296,2022-07-15 23:59:59.999
1352.6264752695,2022-07-16 23:59:59.999
1338.6357028739,2022-07-17 23:59:59.999
1578.7178948623,2022-07-18 23:59:59.999
1542.9752735267,2022-07-19 23:59:59.999
1520.2007176133,2022-07-20 23:59:59.999
1576.7495606209,2022-07-21 23:59:59.999
1537.4051210638,2022-07-22 23:59:59.999
1549.2975301211,2022-07-23 23:59:59.999
1599.4766489444,2022-07-24 23:59:59.999
1445.3834222179,2022-07-25 23:59:59.999
1441.8067930933,2022-07-26 23:59:59.999
1636.2327104034,2022-07-27 23:59:59.999
1725.4681887069,2022-07-28 23:59:59.999
1727.4069295678,2022-07-29 23:59:59.999
1695.969499599,2022-07-30 23:59:59.999
1681.5173192968,2022-07-31 23:59:59.999
1635.1957921226,2022-08-01 23:59:59.999
1632.9454389883,2022-08-02 23:59:59.999
1618.8745428622,2022-08-03 23:59:59.999
1608.2058228875,2022-08-04 23:59:59.999
1732.2545836306,2022-08-05 23:59:59.999
1691.6580874496,2022-08-06 23:59:59.999
1699.350770887,2022-08-07 23:59:59.999
1775.5161124135,2022-08-08 23:59:59.999
1703.0250301169,2022-08-09 23:59:59.999
1851.7427029919,2022-08-10 23:59:59.999
1881.2241473515,2022-08-11 23:59:59.999
1957.2464000865,2022-08-12 23:59:59.999
1981.3365601897,2022-08-13 23:59:59.999
1936.8020451588,2022-08-14 23:59:59.999
1904.2281567639,2022-08-15 23:59:59.999
1878.1393765348,2022-08-16 23:59:59.999
1832.9996383741,2022-08-17 23:59:59.999
1847.0078347878,2022-08-18 23:59:59.999
1612.9873433097,2022-08-19 23:59:59.999
1577.0037422109,2022-08-20 23:59:59.999
1619.3189146712,2022-08-21 23:59:59.999
1622.50581709,2022-08-22 23:59:59.999
1662.7698984728,2022-08-23 23:59:59.999
1657.0591631515,2022-08-24 23:59:59.999
1696.4570581307,2022-08-25 23:59:59.999
1507.7828626719,2022-08-26 23:59:59.999
1491.3950366074,2022-08-27 23:59:59.999
1430.5473363095,2022-08-28 23:59:59.999
1553.0373243486,2022-08-29 23:59:59.999
1523.8388621862,2022-08-30 23:59:59.999
1553.6849376151,2022-08-31 23:59:59.999
1586.1768003099,2022-09-01 23:59:59.999
1577.2205133995,2022-09-02 23:59:59.999
1556.8726288379,2022-09-03 23:59:59.999
1577.6416253492,2022-09-04 23:59:59.999
1617.1831725777,2022-09-05 23:59:59.999
1561.7485695818,2022-09-06 23:59:59.999
1629.9063749585,2022-09-07 23:59:59.999
1635.3476570056,2022-09-08 23:59:59.999
1719.0854510646,2022-09-09 23:59:59.999
1776.2037540435,2022-09-10 23:59:59.999
1761.8000273934,2022-09-11 23:59:59.999
1713.7652026662,2022-09-12 23:59:59.999
1580.7879534271,2022-09-13 23:59:59.999
1634.7550431988,2022-09-14 23:59:59.999
1471.6934316404,2022-09-15 23:59:59.999
1432.4477302011,2022-09-16 23:59:59.999
1469.7416421535,2022-09-17 23:59:59.999
1335.3291310415,2022-09-18 23:59:59.999
1377.5413278193,2022-09-19 23:59:59.999
1324.3882409563,2022-09-20 23:59:59.999
1252.6078412642,2022-09-21 23:59:59.999
1327.6801279905,2022-09-22 23:59:59.999
1328.2595547377,2022-09-23 23:59:59.999
1317.9932379184,2022-09-24 23:59:59.999
1294.2167741314,2022-09-25 23:59:59.999
1335.3202436085,2022-09-26 23:59:59.999
1330.1277022309,2022-09-27 23:59:59.999
1337.4108666563,2022-09-28 23:59:59.999
1335.6523611534,2022-09-29 23:59:59.999
1327.9786375008,2022-09-30 23:59:59.999
1311.6444305439,2022-10-01 23:59:59.999
1276.0935583214,2022-10-02 23:59:59.999
1323.4392697039,2022-10-03 23:59:59.999
1362.126586858,2022-10-04 23:59:59.999
1352.8371404571,2022-10-05 23:59:59.999
1351.7095271331,2022-10-06 23:59:59.999
1332.5169819841,2022-10-07 23:59:59.999
1315.5004909841,2022-10-08 23:59:59.999
1322.6043002227,2022-10-09 23:59:59.999
1291.3376254069,2022-10-10 23:59:59.999
1279.5756984091,2022-10-11 23:59:59.999
1294.9063205213,2022-10-12 23:59:59.999
1288.1238946784,2022-10-13 23:59:59.999
1297.4220818412,2022-10-14 23:59:59.999
1274.87164808,2022-10-15 23:59:59.999
1306.2966216886,2022-10-16 23:59:59.999
1331.71360827,2022-10-17 23:59:59.999
1310.4470366521,2022-10-18 23:59:59.999
1285.7442070375,2022-10-19 23:59:59.999
1283.2009226517,2022-10-20 23:59:59.999
1299.9464423868,2022-10-21 23:59:59.999
1314.2992270631,2022-10-22 23:59:59.999
1363.4470578564,2022-10-23 23:59:59.999
1344.998488552,2022-10-24 23:59:59.999
1461.6654237274,2022-10-25 23:59:59.999
1566.566631173,2022-10-26 23:59:59.999
1514.3748569051,2022-10-27 23:59:59.999
1555.4778770898,2022-10-28 23:59:59.999
1619.6984587987,2022-10-29 23:59:59.999
1590.783325383,2022-10-30 23:59:59.999
1572.7144656013,2022-10-31 23:59:59.999
1579.7045469065,2022-11-01 23:59:59.999
1519.711823268,2022-11-02 23:59:59.999
1531.5416959633,2022-11-03 23:59:59.999
1645.093397922,2022-11-04 23:59:59.999
1627.9680581756,2022-11-05 23:59:59.999
1572.2347570875,2022-11-06 23:59:59.999
1568.5912808483,2022-11-07 23:59:59.999
1332.8355929451,2022-11-08 23:59:59.999
1100.169759577,2022-11-09 23:59:59.999
1299.4646098434,2022-11-10 23:59:59.999
1287.2211001564,2022-11-11 23:59:59.999
1255.2683256186,2022-11-12 23:59:59.999
1221.8192177316,2022-11-13 23:59:59.999
1241.6042130742,2022-11-14 23:59:59.999
1251.7361998221,2022-11-15 23:59:59.999
1215.6025437668,2022-11-16 23:59:59.999
1200.8086045885,2022-11-17 23:59:59.999
1212.3002469438,2022-11-18 23:59:59.999
1218.4268090143,2022-11-19 23:59:59.999
1142.4666845863,2022-11-20 23:59:59.999
1108.3530462394,2022-11-21 23:59:59.999
1108.3530462394,2022-11-22 23:59:59.999
1183.1995563302,2022-11-23 23:59:59.999
1203.9832033323,2022-11-24 23:59:59.999
1198.92593624,2022-11-25 23:59:59.999
1205.8979386345,2022-11-26 23:59:59.999
1195.1269193712,2022-11-27 23:59:59.999
1170.086159542,2022-11-28 23:59:59.999
1216.9011876232,2022-11-29 23:59:59.999
1295.6886059154,2022-11-30 23:59:59.999
1276.2739220942,2022-12-01 23:59:59.999
1294.3033770767,2022-12-02 23:59:59.999
1243.3348971959,2022-12-03 23:59:59.999
1280.2565936955,2022-12-04 23:59:59.999
1259.6766997126,2022-12-05 23:59:59.999
1271.6538427321,2022-12-06 23:59:59.999
1232.437441428,2022-12-07 23:59:59.999
1281.1163124108,2022-12-08 23:59:59.999
1264.2847501284,2022-12-09 23:59:59.999
1266.3840988056,2022-12-10 23:59:59.999
1263.8685480864,2022-12-11 23:59:59.999
1274.6190567873,2022-12-12 23:59:59.999
1320.5492376277,2022-12-13 23:59:59.999
1288.5582212778,2022-12-14 23:59:59.999
1266.3539291602,2022-12-15 23:59:59.999
1168.2593542392,2022-12-16 23:59:59.999
1188.1495752325,2022-12-17 23:59:59.999
1184.7152322367,2022-12-18 23:59:59.999
1167.6099151344,2022-12-19 23:59:59.999
1217.7035799175,2022-12-20 23:59:59.999
1213.5999925796,2022-12-21 23:59:59.999
1218.1821518936,2022-12-22 23:59:59.999
1220.1594123975,2022-12-23 23:59:59.999
1221.1486016354,2022-12-24 23:59:59.999
1218.9620019434,2022-12-25 23:59:59.999
1226.9743386769,2022-12-26 23:59:59.999
1212.791637557,2022-12-27 23:59:59.999
1189.9860598507,2022-12-28 23:59:59.999
1201.5953389328,2022-12-29 23:59:59.999
1199.2327542531,2022-12-30 23:59:59.999
1196.7712389628,2022-12-31 23:59:59.999
1200.9648315725,2023-01-01 23:59:59.999
1214.6566756133,2023-01-02 23:59:59.999
1256.5265946029,2023-01-04 23:59:59.999
1250.4385512172,2023-01-05 23:59:59.999
1269.3790036318,2023-01-06 23:59:59.999
1264.2703412672,2023-01-07 23:59:59.999
1287.3594420315,2023-01-08 23:59:59.999
1321.538946494,2023-01-09 23:59:59.999
1336.5861138308,2023-01-10 23:59:59.999
1387.9327050848,2023-01-11 23:59:59.999
1417.9385231112,2023-01-12 23:59:59.999
1451.6148394124,2023-01-13 23:59:59.999
1550.7068639574,2023-01-14 23:59:59.999
1552.4794799873,2023-01-15 23:59:59.999
1576.8335087654,2023-01-16 23:59:59.999
1567.8460502316,2023-01-17 23:59:59.999
1515.5070073176,2023-01-18 23:59:59.999
1552.5565530841,2023-01-19 23:59:59.999
1659.7541193552,2023-01-20 23:59:59.999
1627.1182183693,2023-01-21 23:59:59.999
1628.3820424137,2023-01-22 23:59:59.999
1628.251040897,2023-01-23 23:59:59.999
1556.6042398404,2023-01-24 23:59:59.999
1611.711042612,2023-01-25 23:59:59.999
1603.1059328512,2023-01-26 23:59:59.999
1598.1565187695,2023-01-27 23:59:59.999
1572.4350441003,2023-01-28 23:59:59.999
1646.1555880184,2023-01-29 23:59:59.999
1567.3264809426,2023-01-30 23:59:59.999
1586.5353739335,2023-01-31 23:59:59.999
1641.7926937162,2023-02-01 23:59:59.999
1643.2415885091,2023-02-02 23:59:59.999
1664.7455821274,2023-02-03 23:59:59.999
1667.0592352492,2023-02-04 23:59:59.999
1631.645879411,2023-02-05 23:59:59.999
1616.2471265662,2023-02-06 23:59:59.999
1672.0035689791,2023-02-07 23:59:59.999
1650.7167526788,2023-02-08 23:59:59.999
1546.4382885133,2023-02-09 23:59:59.999
1514.8691459245,2023-02-10 23:59:59.999
1539.9267659675,2023-02-11 23:59:59.999
1515.033688007,2023-02-12 23:59:59.999
1507.1659232596,2023-02-13 23:59:59.999
1556.8751525791,2023-02-14 23:59:59.999
1673.7460217114,2023-02-15 23:59:59.999
1640.0675952066,2023-02-16 23:59:59.999
1694.7833758702,2023-02-17 23:59:59.999
1691.8194566737,2023-02-18 23:59:59.999
1681.4361293747,2023-02-19 23:59:59.999
1702.6751158673,2023-02-20 23:59:59.999
1658.0363984124,2023-02-21 23:59:59.999
1643.2317104289,2023-02-22 23:59:59.999
1651.073895645,2023-02-23 23:59:59.999
1608.3731584143,2023-02-24 23:59:59.999
1594.9149529904,2023-02-25 23:59:59.999
1640.8171556492,2023-02-26 23:59:59.999
1634.3263684101,2023-02-27 23:59:59.999
1605.8951307949,2023-02-28 23:59:59.999
1663.4336563449,2023-03-01 23:59:59.999
1647.3192793728,2023-03-02 23:59:59.999
1569.1676527552,2023-03-03 23:59:59.999
1566.92394276,2023-03-04 23:59:59.999
1564.4687207107,2023-03-05 23:59:59.999
1567.3987018259,2023-03-06 23:59:59.999
1561.9331204295,2023-03-07 23:59:59.999
1534.0882322774,2023-03-08 23:59:59.999
1438.660722311,2023-03-09 23:59:59.999
1429.1581327081,2023-03-10 23:59:59.999
1482.616649191,2023-03-11 23:59:59.999
1590.2929484563,2023-03-12 23:59:59.999
1680.3089961384,2023-03-13 23:59:59.999
1703.5071260037,2023-03-14 23:59:59.999
1656.1805219909,2023-03-15 23:59:59.999
1677.2155034421,2023-03-16 23:59:59.999
1792.4851405695,2023-03-17 23:59:59.999
1761.6596834205,2023-03-18 23:59:59.999
1785.5765822409,2023-03-19 23:59:59.999
1735.3212688367,2023-03-20 23:59:59.999
1806.7607367255,2023-03-21 23:59:59.999
1737.7169855997,2023-03-22 23:59:59.999
1816.405182071,2023-03-23 23:59:59.999
1752.0448567755,2023-03-24 23:59:59.999
1743.7647859083,2023-03-25 23:59:59.999
1775.6767503974,2023-03-26 23:59:59.999
1715.4608138518,2023-03-27 23:59:59.999
1772.7856574311,2023-03-28 23:59:59.999
1793.0018848417,2023-03-29 23:59:59.999
1792.7371357773,2023-03-30 23:59:59.999
1822.0221185209,2023-03-31 23:59:59.999
1813.8605590338,2023-04-01 23:59:59.999
1795.7080919438,2023-04-02 23:59:59.999
1810.2971389314,2023-04-03 23:59:59.999
1871.0051760383,2023-04-04 23:59:59.999
1909.1140628977,2023-04-05 23:59:59.999
1872.9226620075,2023-04-06 23:59:59.999
1865.6360612511,2023-04-07 23:59:59.999
1849.4981769721,2023-04-08 23:59:59.999
1859.3877707862,2023-04-09 23:59:59.999
1911.2075109013,2023-04-10 23:59:59.999
1892.189715911,2023-04-11 23:59:59.999
1920.682189487,2023-04-12 23:59:59.999
2012.6346440046,2023-04-13 23:59:59.999
2101.6355001253,2023-04-14 23:59:59.999
2092.4668534715,2023-04-15 23:59:59.999
2120.0058201151,2023-04-16 23:59:59.999
2076.2430038239,2023-04-17 23:59:59.999
2104.5372669455,2023-04-18 23:59:59.999
1936.4034646782,2023-04-19 23:59:59.999
1943.0976697035,2023-04-20 23:59:59.999
1849.9998459932,2023-04-21 23:59:59.999
1874.2285806104,2023-04-22 23:59:59.999
1862.0620571837,2023-04-23 23:59:59.999
1842.7574513807,2023-04-24 23:59:59.999
1866.7536026164,2023-04-25 23:59:59.999
1866.564236591,2023-04-26 23:59:59.999
1908.7864037137,2023-04-27 23:59:59.999
1892.5127615707,2023-04-28 23:59:59.999
1908.9169855457,2023-04-29 23:59:59.999
1876.9243269741,2023-04-30 23:59:59.999
1831.9547997998,2023-05-01 23:59:59.999
1870.7892659124,2023-05-02 23:59:59.999
1904.651898117,2023-05-03 23:59:59.999
1877.7041428906,2023-05-04 23:59:59.999
1995.0608851615,2023-05-05 23:59:59.999
1900.2217837952,2023-05-06 23:59:59.999
1873.0764708369,2023-05-07 23:59:59.999
1849.042756465,2023-05-08 23:59:59.999
1848.603129681,2023-05-09 23:59:59.999
1842.4014364488,2023-05-10 23:59:59.999
1796.4906137076,2023-05-11 23:59:59.999
1808.0197452174,2023-05-12 23:59:59.999
1796.1149274099,2023-05-13 23:59:59.999
1800.5010095513,2023-05-14 23:59:59.999
1817.5498870463,2023-05-15 23:59:59.999
1824.1214554709,2023-05-16 23:59:59.999
1821.8595805464,2023-05-17 23:59:59.999
1801.7284805099,2023-05-18 23:59:59.999
1812.5895098483,2023-05-19 23:59:59.999
1820.4780014054,2023-05-20 23:59:59.999
1804.5313803255,2023-05-21 23:59:59.999
1817.5348253547,2023-05-22 23:59:59.999
1854.3806307242,2023-05-23 23:59:59.999
1800.1000165874,2023-05-24 23:59:59.999
1805.9536832882,2023-05-25 23:59:59.999
1828.6897444971,2023-05-26 23:59:59.999
1831.1183083015,2023-05-27 23:59:59.999
1910.9141581907,2023-05-28 23:59:59.999
1893.0780853441,2023-05-29 23:59:59.999
1901.0265676637,2023-05-30 23:59:59.999
1874.1304352123,2023-05-31 23:59:59.999
1862.2014510177,2023-06-01 23:59:59.999
1907.2566362935,2023-06-02 23:59:59.999
1892.4125288604,2023-06-03 23:59:59.999
1890.5135595696,2023-06-04 23:59:59.999
1811.8283599458,2023-06-05 23:59:59.999
1884.4948378065,2023-06-06 23:59:59.999
1832.3959608921,2023-06-07 23:59:59.999
1846.3018693826,2023-06-08 23:59:59.999
1840.2251778375,2023-06-09 23:59:59.999
1752.3847272043,2023-06-10 23:59:59.999
1753.4152398112,2023-06-11 23:59:59.999
1742.5286400944,2023-06-12 23:59:59.999
1739.0375441046,2023-06-13 23:59:59.999
1650.5192414211,2023-06-14 23:59:59.999
1665.5198178778,2023-06-15 23:59:59.999
1716.668853444,2023-06-16 23:59:59.999
1727.2041521169,2023-06-17 23:59:59.999
1720.577491777,2023-06-18 23:59:59.999
1737.6594086455,2023-06-19 23:59:59.999
1792.119945283,2023-06-20 23:59:59.999
1891.0071503552,2023-06-21 23:59:59.999
1872.9430470581,2023-06-22 23:59:59.999
1892.8621079799,2023-06-23 23:59:59.999
1876.0597024608,2023-06-24 23:59:59.999
1900.5061356568,2023-06-25 23:59:59.999
1859.4328584009,2023-06-26 23:59:59.999
1889.7033733015,2023-06-27 23:59:59.999
1827.9711912824,2023-06-28 23:59:59.999
1852.2272895415,2023-06-29 23:59:59.999
1933.1889822154,2023-06-30 23:59:59.999
1924.5659495846,2023-07-01 23:59:59.999
1937.4383914033,2023-07-02 23:59:59.999
1955.3891053947,2023-07-03 23:59:59.999
1936.6335891823,2023-07-04 23:59:59.999
1910.5880452173,2023-07-05 23:59:59.999
1848.6364873329,2023-07-06 23:59:59.999
1870.6025963313,2023-07-07 23:59:59.999
1865.5396023891,2023-07-08 23:59:59.999
1863.0098100363,2023-07-09 23:59:59.999
1880.5564552602,2023-07-10 23:59:59.999
1878.3361077979,2023-07-11 23:59:59.999
1872.1137991587,2023-07-12 23:59:59.999
2006.5115122091,2023-07-13 23:59:59.999
1939.3470895149,2023-07-14 23:59:59.999
1931.4665891581,2023-07-15 23:59:59.999
1923.681857036,2023-07-16 23:59:59.999
1911.6461566209,2023-07-17 23:59:59.999
1897.5992249179,2023-07-18 23:59:59.999
1889.0079644853,2023-07-19 23:59:59.999
1890.9691089077,2023-07-20 23:59:59.999
1892.0801319193,2023-07-21 23:59:59.999
1864.9122953499,2023-07-22 23:59:59.999
1889.1916718834,2023-07-23 23:59:59.999
1850.0020751716,2023-07-24 23:59:59.999
1857.741957571,2023-07-25 23:59:59.999
1872.1599359835,2023-07-26 23:59:59.999
1860.3572210048,2023-07-27 23:59:59.999
1874.7449256662,2023-07-28 23:59:59.999
1881.0688769377,2023-07-29 23:59:59.999
1861.6438552675,2023-07-30 23:59:59.999
1856.1623397384,2023-07-31 23:59:59.999
1871.7921704215,2023-08-01 23:59:59.999
1839.0897065368,2023-08-02 23:59:59.999
1835.1365255355,2023-08-03 23:59:59.999
1827.7129406804,2023-08-04 23:59:59.999
1834.9879173213,2023-08-05 23:59:59.999
1827.462079169,2023-08-06 23:59:59.999
1826.9387893514,2023-08-07 23:59:59.999
1855.8073211753,2023-08-08 23:59:59.999
1854.2975491247,2023-08-09 23:59:59.999
1850.7534547452,2023-08-10 23:59:59.999
1847.1243621559,2023-08-11 23:59:59.999
1848.8898822123,2023-08-12 23:59:59.999
1839.2801756372,2023-08-13 23:59:59.999
1844.1857646579,2023-08-14 23:59:59.999
1826.9327978014,2023-08-15 23:59:59.999
1805.6590014206,2023-08-16 23:59:59.999
1684.9334573891,2023-08-17 23:59:59.999
1660.9451284571,2023-08-18 23:59:59.999
1669.4718707311,2023-08-19 23:59:59.999
1684.8520501855,2023-08-20 23:59:59.999
1667.2690996991,2023-08-21 23:59:59.999
1633.8926267598,2023-08-22 23:59:59.999
1679.2744714845,2023-08-23 23:59:59.999
1659.9446226125,2023-08-24 23:59:59.999
1652.9351167504,2023-08-25 23:59:59.999
1646.3068178601,2023-08-26 23:59:59.999
1657.5130726946,2023-08-27 23:59:59.999
1652.4574355437,2023-08-28 23:59:59.999
1729.7256498746,2023-08-29 23:59:59.999
1705.1121423041,2023-08-30 23:59:59.999
1645.6391241321,2023-08-31 23:59:59.999
1628.4911928866,2023-09-01 23:59:59.999
1637.0253385418,2023-09-02 23:59:59.999
1636.1176785766,2023-09-03 23:59:59.999
1629.6552264676,2023-09-04 23:59:59.999
1633.6293448937,2023-09-05 23:59:59.999
1632.2522842348,2023-09-06 23:59:59.999
1647.5982186154,2023-09-07 23:59:59.999
1636.1378400318,2023-09-08 23:59:59.999
1635.1623166873,2023-09-09 23:59:59.999
1616.8288799491,2023-09-10 23:59:59.999
1551.6376717999,2023-09-11 23:59:59.999
1592.4294382649,2023-09-12 23:59:59.999
1607.9884846173,2023-09-13 23:59:59.999
1626.9743262163,2023-09-14 23:59:59.999
1641.6403441678,2023-09-15 23:59:59.999
1635.2217116964,2023-09-16 23:59:59.999
1622.8967525804,2023-09-17 23:59:59.999
1637.3469881784,2023-09-18 23:59:59.999
1643.5446568866,2023-09-19 23:59:59.999
1622.8906070275,2023-09-20 23:59:59.999
1584.3070629356,2023-09-21 23:59:59.999
1593.2683304574,2023-09-22 23:59:59.999
1593.857747399,2023-09-23 23:59:59.999
1580.8533621681,2023-09-24 23:59:59.999
1588.3228677916,2023-09-25 23:59:59.999
1593.4171931027,2023-09-26 23:59:59.999
1597.4912262036,2023-09-27 23:59:59.999
1652.8827456544,2023-09-28 23:59:59.999
1667.9438329225,2023-09-29 23:59:59.999
1671.1618111903,2023-09-30 23:59:59.999
1733.8104784386,2023-10-01 23:59:59.999
1663.6275288364,2023-10-02 23:59:59.999
1656.6856238037,2023-10-03 23:59:59.999
1647.8380903281,2023-10-04 23:59:59.999
1611.4764662364,2023-10-05 23:59:59.999
1645.8314874748,2023-10-06 23:59:59.999
1634.5112732424,2023-10-07 23:59:59.999
1633.5485715949,2023-10-08 23:59:59.999
1579.8066080951,2023-10-09 23:59:59.999
1567.7129669395,2023-10-10 23:59:59.999
1566.2547858612,2023-10-11 23:59:59.999
1539.6124395074,2023-10-12 23:59:59.999
1552.0894675436,2023-10-13 23:59:59.999
1555.2568092262,2023-10-14 23:59:59.999
1558.0697934299,2023-10-15 23:59:59.999
1600.5342762528,2023-10-16 23:59:59.999
1565.4395660008,2023-10-17 23:59:59.999
1563.7498838126,2023-10-18 23:59:59.999
1567.4570729268,2023-10-19 23:59:59.999
1604.6668665067,2023-10-20 23:59:59.999
1629.304476737,2023-10-21 23:59:59.999
1663.4299449441,2023-10-22 23:59:59.999
1765.3826429207,2023-10-23 23:59:59.999
1784.4374604858,2023-10-24 23:59:59.999
1787.3976241893,2023-10-25 23:59:59.999
1804.0393004004,2023-10-26 23:59:59.999
1780.0453464483,2023-10-27 23:59:59.999
1776.6181755723,2023-10-28 23:59:59.999
1795.5459625534,2023-10-29 23:59:59.999
1810.0885684745,2023-10-30 23:59:59.999
1816.4589317668,2023-10-31 23:59:59.999
1847.0897463034,2023-11-01 23:59:59.999
1800.6210046347,2023-11-02 23:59:59.999
1832.795212562,2023-11-03 23:59:59.999
1857.6985957472,2023-11-04 23:59:59.999
1894.1576842261,2023-11-05 23:59:59.999
1899.837364376,2023-11-06 23:59:59.999
1888.124211378,2023-11-07 23:59:59.999
1889.3223471996,2023-11-08 23:59:59.999
2120.5609463695,2023-11-09 23:59:59.999
2078.2897139105,2023-11-10 23:59:59.999
2052.7138939829,2023-11-11 23:59:59.999
2045.1870407473,2023-11-12 23:59:59.999
2055.2652897926,2023-11-13 23:59:59.999
1979.0526719014,2023-11-14 23:59:59.999
2060.4084021182,2023-11-15 23:59:59.999
1960.8815523099,2023-11-16 23:59:59.999
1961.2807205392,2023-11-17 23:59:59.999
1963.2850130444,2023-11-18 23:59:59.999
2013.2044472699,2023-11-19 23:59:59.999
2022.239127894,2023-11-20 23:59:59.999
1937.0668029372,2023-11-21 23:59:59.999
2064.4252149797,2023-11-22 23:59:59.999
2062.2107269666,2023-11-23 23:59:59.999
2081.1520427333,2023-11-24 23:59:59.999
2084.413070743,2023-11-25 23:59:59.999
2063.2862406283,2023-11-26 23:59:59.999
2027.4172988226,2023-11-27 23:59:59.999
2049.3381283931,2023-11-28 23:59:59.999
2029.9291808773,2023-11-29 23:59:59.999
2052.5560758309,2023-11-30 23:59:59.999
2087.1400074286,2023-12-01 23:59:59.999
2165.7040009485,2023-12-02 23:59:59.999
2193.691554531,2023-12-03 23:59:59.999
2243.2159138525,2023-12-04 23:59:59.999
2293.8416889044,2023-12-05 23:59:59.999
2231.6613482543,2023-12-06 23:59:59.999
2357.5796331574,2023-12-07 23:59:59.999
2358.7319393053,2023-12-08 23:59:59.999
2341.1752332393,2023-12-09 23:59:59.999
2352.4627556082,2023-12-10 23:59:59.999
2224.5787846632,2023-12-11 23:59:59.999
2202.0379684959,2023-12-12 23:59:59.999
2260.6487681131,2023-12-13 23:59:59.999
2316.5790072611,2023-12-14 23:59:59.999
2219.3373100011,2023-12-15 23:59:59.999
2226.9265198074,2023-12-16 23:59:59.999
2196.4811590731,2023-12-17 23:59:59.999
2217.2733489138,2023-12-18 23:59:59.999
2177.8726106679,2023-12-19 23:59:59.999
2201.9114564016,2023-12-20 23:59:59.999
2239.5424133212,2023-12-21 23:59:59.999
2326.5249573928,2023-12-22 23:59:59.999
2309.0463748006,2023-12-23 23:59:59.999
2265.6921427011,2023-12-24 23:59:59.999
2272.5616672175,2023-12-25 23:59:59.999
2231.4653358627,2023-12-26 23:59:59.999
2378.7401102717,2023-12-27 23:59:59.999
2347.5660660267,2023-12-28 23:59:59.999
2300.6907683964,2023-12-29 23:59:59.999
2292.0653348352,2023-12-30 23:59:59.999
2281.4713016936,2023-12-31 23:59:59.999
2352.327940665,2024-01-01 23:59:59.999
2355.8364746171,2024-01-02 23:59:59.999
2210.761891527,2024-01-03 23:59:59.999
2268.6472266691,2024-01-05 23:59:59.999
2241.6247100644,2024-01-06 23:59:59.999
2222.8658884902,2024-01-07 23:59:59.999
2333.032746086,2024-01-08 23:59:59.999
2344.8271586295,2024-01-09 23:59:59.999
2582.1035282908,2024-01-10 23:59:59.999
2619.6190776851,2024-01-11 23:59:59.999
2524.4601481181,2024-01-12 23:59:59.999
2576.5979052662,2024-01-13 23:59:59.999
2472.241275463,2024-01-14 23:59:59.999
2511.3636967714,2024-01-15 23:59:59.999
2587.6911147329,2024-01-16 23:59:59.999
2528.3694055031,2024-01-17 23:59:59.999
2467.018846626,2024-01-18 23:59:59.999
2489.498622694,2024-01-19 23:59:59.999
2469.589122734,2024-01-20 23:59:59.999
2453.9130976476,2024-01-21 23:59:59.999
2310.8264015416,2024-01-22 23:59:59.999
2240.6859395359,2024-01-23 23:59:59.999
2233.5617665404,2024-01-24 23:59:59.999
2217.7102754507,2024-01-25 23:59:59.999
2267.1997994558,2024-01-26 23:59:59.999
2267.886077765,2024-01-27 23:59:59.999
2257.2088341312,2024-01-28 23:59:59.999
2317.0641199179,2024-01-29 23:59:59.999
2344.4936977657,2024-01-30 23:59:59.999
2282.5445423885,2024-01-31 23:59:59.999
2303.8248223021,2024-02-01 23:59:59.999
2308.0380704094,2024-02-02 23:59:59.999
2296.0382213414,2024-02-03 23:59:59.999
2289.5461210156,2024-02-04 23:59:59.999
2298.8889049578,2024-02-05 23:59:59.999
2372.2018047905,2024-02-06 23:59:59.999
2423.7450539675,2024-02-07 23:59:59.999
2419.9065225029,2024-02-08 23:59:59.999
2487.5156654863,2024-02-09 23:59:59.999
2501.2283097031,2024-02-10 23:59:59.999
2507.5705705477,2024-02-11 23:59:59.999
2658.1160212768,2024-02-12 23:59:59.999
2642.185304207,2024-02-13 23:59:59.999
2777.902245811,2024-02-14 23:59:59.999
2824.3789422913,2024-02-15 23:59:59.999
2803.6914132082,2024-02-16 23:59:59.999
2786.6726715802,2024-02-17 23:59:59.999
2878.9981551892,2024-02-18 23:59:59.999
2943.5748006563,2024-02-19 23:59:59.999
3013.5036000099,2024-02-20 23:59:59.999
2970.3555817277,2024-02-21 23:59:59.999
2971.0073275365,2024-02-22 23:59:59.999
2921.6583093606,2024-02-23 23:59:59.999
2992.3860957317,2024-02-24 23:59:59.999
3112.6973529916,2024-02-25 23:59:59.999
3178.9936936058,2024-02-26 23:59:59.999
3244.5192465031,2024-02-27 23:59:59.999
3385.7039697372,2024-02-28 23:59:59.999
3341.9196033518,2024-02-29 23:59:59.999
3435.0539291971,2024-03-01 23:59:59.999
3422.0499214588,2024-03-02 23:59:59.999
3490.9936365072,2024-03-03 23:59:59.999
3630.4338191612,2024-03-04 23:59:59.999
3554.9646483227,2024-03-05 23:59:59.999
3819.2263127658,2024-03-06 23:59:59.999
3874.34770171,2024-03-07 23:59:59.999
3892.0611394225,2024-03-08 23:59:59.999
3915.4188666516,2024-03-09 23:59:59.999
3881.1931892574,2024-03-10 23:59:59.999
4066.4449901418,2024-03-11 23:59:59.999
3980.2732438521,2024-03-12 23:59:59.999
4006.4569519054,2024-03-13 23:59:59.999
3883.1403559222,2024-03-14 23:59:59.999
3735.2202545607,2024-03-15 23:59:59.999
3522.8601999489,2024-03-16 23:59:59.999
3642.4130062163,2024-03-17 23:59:59.999
3517.9851297273,2024-03-18 23:59:59.999
3157.6181789707,2024-03-19 23:59:59.999
3513.3930322852,2024-03-20 23:59:59.999
3492.9913315229,2024-03-21 23:59:59.999
3333.6879909565,2024-03-22 23:59:59.999
3336.59407842,2024-03-23 23:59:59.999
3454.6364675678,2024-03-24 23:59:59.999
3590.883772924,2024-03-25 23:59:59.999
3587.5050017026,2024-03-26 23:59:59.999
3500.1152241991,2024-03-27 23:59:59.999
3561.2940584236,2024-03-28 23:59:59.999
3511.8061663441,2024-03-29 23:59:59.999
3507.9443628819,2024-03-30 23:59:59.999
3647.8563802749,2024-03-31 23:59:59.999
3505.0300386444,2024-04-01 23:59:59.999
3277.2346988709,2024-04-02 23:59:59.999
3311.4417832567,2024-04-03 23:59:59.999
3330.0405943762,2024-04-04 23:59:59.999
3318.8851690847,2024-04-05 23:59:59.999
3354.1838630574,2024-04-06 23:59:59.999
3453.4945694385,2024-04-07 23:59:59.999
3695.2928436091,2024-04-08 23:59:59.999
3505.1633552903,2024-04-09 23:59:59.999
3543.7371333979,2024-04-10 23:59:59.999
3505.2478538631,2024-04-11 23:59:59.999
3243.0349552157,2024-04-12 23:59:59.999
3004.9004445232,2024-04-13 23:59:59.999
3156.9419671803,2024-04-14 23:59:59.999
3101.6004461125,2024-04-15 23:59:59.999
3084.9201649655,2024-04-16 23:59:59.999
2984.7276279516,2024-04-17 23:59:59.999
3066.0276299664,2024-04-18 23:59:59.999
3059.2784549759,2024-04-19 23:59:59.999
3157.6272042778,2024-04-20 23:59:59.999
3147.2884742744,2024-04-21 23:59:59.999
3201.6520567626,2024-04-22 23:59:59.999
3219.9115412341,2024-04-23 23:59:59.999
3139.8052689528,2024-04-24 23:59:59.999
3156.5095419628,2024-04-25 23:59:59.999
3130.1647111846,2024-04-26 23:59:59.999
3252.168175642,2024-04-27 23:59:59.999
3262.7747417145,2024-04-28 23:59:59.999
3215.4289697146,2024-04-29 23:59:59.999
3012.2867437495,2024-04-30 23:59:59.999
2969.7847870643,2024-05-01 23:59:59.999
2988.1685074957,2024-05-02 23:59:59.999
3103.5421091631,2024-05-03 23:59:59.999
3117.5765307871,2024-05-04 23:59:59.999
3137.2489184783,2024-05-05 23:59:59.999
3062.7286748572,2024-05-06 23:59:59.999
3006.5771141232,2024-05-07 23:59:59.999
2973.6572439316,2024-05-08 23:59:59.999
3036.0205832059,2024-05-09 23:59:59.999
2909.791147181,2024-05-10 23:59:59.999
2911.6020562027,2024-05-11 23:59:59.999
2928.7020128967,2024-05-12 23:59:59.999
2949.3595613636,2024-05-13 23:59:59.999
2881.1580525016,2024-05-14 23:59:59.999
3037.0566448959,2024-05-15 23:59:59.999
2945.1310661054,2024-05-16 23:59:59.999
3094.1187606136,2024-05-17 23:59:59.999
3122.9490620548,2024-05-18 23:59:59.999
3071.8429493039,2024-05-19 23:59:59.999
3663.8555706363,2024-05-20 23:59:59.999
3789.3128212647,2024-05-21 23:59:59.999
3737.2178676292,2024-05-22 23:59:59.999
3776.9272979593,2024-05-23 23:59:59.999
3726.9345506864,2024-05-24 23:59:59.999
3749.2365712546,2024-05-25 23:59:59.999
3825.8975522959,2024-05-26 23:59:59.999
3892.0067337073,2024-05-27 23:59:59.999
3840.2564321309,2024-05-28 23:59:59.999
3763.1964574929,2024-05-29 23:59:59.999
3746.8497204402,2024-05-30 23:59:59.999
3760.0266864262,2024-05-31 23:59:59.999
3813.1988663448,2024-06-01 23:59:59.999
3780.8958883416,2024-06-02 23:59:59.999
3766.389156937,2024-06-03 23:59:59.999
3812.5159093596,2024-06-04 23:59:59.999
3864.26094797,2024-06-05 23:59:59.999
3811.6058513145,2024-06-06 23:59:59.999
3678.6291223463,2024-06-07 23:59:59.999
3680.9498987428,2024-06-08 23:59:59.999
3705.903804425,2024-06-09 23:59:59.999
3666.7175217484,2024-06-10 23:59:59.999
3498.3305497967,2024-06-11 23:59:59.999
3559.6176452473,2024-06-12 23:59:59.999
3469.2812508702,2024-06-13 23:59:59.999
3480.2719181115,2024-06-14 23:59:59.999
3565.5495056541,2024-06-15 23:59:59.999
3620.5634464932,2024-06-16 23:59:59.999
3511.379017106,2024-06-17 23:59:59.999
3483.6813541597,2024-06-18 23:59:59.999
3559.3473095853,2024-06-19 23:59:59.999
3511.0869233634,2024-06-20 23:59:59.999
3516.0755619859,2024-06-21 23:59:59.999
3494.8133879808,2024-06-22 23:59:59.999
3418.6118772591,2024-06-23 23:59:59.999
3350.25635103,2024-06-24 23:59:59.999
3395.029004864,2024-06-25 23:59:59.999
3369.4772002383,2024-06-26 23:59:59.999
3444.8005378863,2024-06-27 23:59:59.999
3373.6359398066,2024-06-28 23:59:59.999
3372.9678619929,2024-06-29 23:59:59.999
3432.8890895755,2024-06-30 23:59:59.999
3440.3416247238,2024-07-01 23:59:59.999
3416.3547278949,2024-07-02 23:59:59.999
3292.9167872079,2024-07-03 23:59:59.999
3054.521964485,2024-07-04 23:59:59.999
2981.5986963517,2024-07-05 23:59:59.999
3069.3779282848,2024-07-06 23:59:59.999
2929.3872316715,2024-07-07 23:59:59.999
3018.7320323162,2024-07-08 23:59:59.999
3064.0328836456,2024-07-09 23:59:59.999
3102.2187944314,2024-07-10 23:59:59.999
3100.3307531137,2024-07-11 23:59:59.999
3134.1586628398,2024-07-12 23:59:59.999
3177.1986392641,2024-07-13 23:59:59.999
3244.0790922444,2024-07-14 23:59:59.999
3489.5526866155,2024-07-15 23:59:59.999
3443.5135017873,2024-07-16 23:59:59.999
3388.7523731072,2024-07-17 23:59:59.999
3426.2585906447,2024-07-18 23:59:59.999
3505.7348409679,2024-07-19 23:59:59.999
3519.2953440842,2024-07-20 23:59:59.999
3536.6054396998,2024-07-21 23:59:59.999
3440.419892469,2024-07-22 23:59:59.999
3481.9959539767,2024-07-23 23:59:59.999
3336.3394237401,2024-07-24 23:59:59.999
3174.4273153636,2024-07-25 23:59:59.999
3275.9514243808,2024-07-26 23:59:59.999
3247.6079817268,2024-07-27 23:59:59.999
3271.4646364709,2024-07-28 23:59:59.999
3320.5392099336,2024-07-29 23:59:59.999
3278.6677928161,2024-07-30 23:59:59.999
3231.2957066884,2024-07-31 23:59:59.999
3201.5644469308,2024-08-01 23:59:59.999
2986.0131528012,2024-08-02 23:59:59.999
2903.3857025544,2024-08-03 23:59:59.999
2686.3988610452,2024-08-04 23:59:59.999
2417.2061842115,2024-08-05 23:59:59.999
2458.7238702336,2024-08-06 23:59:59.999
2336.5893752638,2024-08-07 23:59:59.999
2683.3527980054,2024-08-08 23:59:59.999
2599.5985844241,2024-08-09 23:59:59.999
2610.0228477264,2024-08-10 23:59:59.999
2553.252240415,2024-08-11 23:59:59.999
2724.4318594324,2024-08-12 23:59:59.999
2703.6718464697,2024-08-13 23:59:59.999
2662.914790813,2024-08-14 23:59:59.999
2570.0877300656,2024-08-15 23:59:59.999
2593.186442814,2024-08-16 23:59:59.999
2614.5467678717,2024-08-17 23:59:59.999
2613.3571785326,2024-08-18 23:59:59.999
2637.3062899278,2024-08-19 23:59:59.999
2573.1068581158,2024-08-20 23:59:59.999
2631.3956043099,2024-08-21 23:59:59.999
2622.9513546562,2024-08-22 23:59:59.999
2764.4471033,2024-08-23 23:59:59.999
2769.3897324903,2024-08-24 23:59:59.999
2749.1576670875,2024-08-25 23:59:59.999
2681.3405143605,2024-08-26 23:59:59.999
2458.7264730716,2024-08-27 23:59:59.999
2528.415504044,2024-08-28 23:59:59.999
2528.7927147052,2024-08-29 23:59:59.999
2525.8219191284,2024-08-30 23:59:59.999
2513.3937400971,2024-08-31 23:59:59.999
2427.9022806575,2024-09-01 23:59:59.999
2538.1873755956,2024-09-02 23:59:59.999
2420.603643795,2024-09-03 23:59:59.999
2448.976963363,2024-09-04 23:59:59.999
2367.7375740886,2024-09-05 23:59:59.999
2223.8765008293,2024-09-06 23:59:59.999
2274.1070647398,2024-09-07 23:59:59.999
2297.2928618416,2024-09-08 23:59:59.999
2358.4821965753,2024-09-09 23:59:59.999
2389.5809379648,2024-09-10 23:59:59.999
2339.84156536,2024-09-11 23:59:59.999
2361.7816231563,2024-09-12 23:59:59.999
2441.6072730055,2024-09-13 23:59:59.999
2418.5957742924,2024-09-14 23:59:59.999
2320.8972417266,2024-09-15 23:59:59.999
2295.2837746294,2024-09-16 23:59:59.999
2341.7077628551,2024-09-17 23:59:59.999
2369.7290255543,2024-09-18 23:59:59.999
2464.7521329287,2024-09-19 23:59:59.999
2561.072001704,2024-09-20 23:59:59.999
2615.8571459406,2024-09-21 23:59:59.999
2582.8624763883,2024-09-22 23:59:59.999
2648.5464300632,2024-09-23 23:59:59.999
2654.3549330008,2024-09-24 23:59:59.999
2579.3885693151,2024-09-25 23:59:59.999
2632.1999118007,2024-09-26 23:59:59.999
2695.9005963054,2024-09-27 23:59:59.999
2677.5391024938,2024-09-28 23:59:59.999
2659.3468478149,2024-09-29 23:59:59.999
2603.0626884402,2024-09-30 23:59:59.999
2448.9211886564,2024-10-01 23:59:59.999
2365.2317288844,2024-10-02 23:59:59.999
2349.7911912798,2024-10-03 23:59:59.999
2414.7939387071,2024-10-04 23:59:59.999
2415.6318483541,2024-10-05 23:59:59.999
2439.9578014551,2024-10-06 23:59:59.999
2421.7967510959,2024-10-07 23:59:59.999
2439.8409399284,2024-10-08 23:59:59.999
2368.2835389024,2024-10-09 23:59:59.999
2383.8578440878,2024-10-10 23:59:59.999
2436.5134816704,2024-10-11 23:59:59.999
2476.5231023831,2024-10-12 23:59:59.999
2467.6769628969,2024-10-13 23:59:59.999
2628.8998971244,2024-10-14 23:59:59.999
2606.02186875,2024-10-15 23:59:59.999
2611.1020157232,2024-10-16 23:59:59.999
2604.2734748503,2024-10-17 23:59:59.999
2641.5522859586,2024-10-18 23:59:59.999
2648.6568927929,2024-10-19 23:59:59.999
2746.3639932057,2024-10-20 23:59:59.999
2665.7120469235,2024-10-21 23:59:59.999
2620.1975773667,2024-10-22 23:59:59.999
2509.0987847857,2024-10-23 23:59:59.999
2534.4986484849,2024-10-24 23:59:59.999
2435.933985809,2024-10-25 23:59:59.999
2479.6032088937,2024-10-26 23:59:59.999
2505.9406635993,2024-10-27 23:59:59.999
2565.348032837,2024-10-28 23:59:59.999
2637.9575809217,2024-10-29 23:59:59.999
2657.3725569813,2024-10-30 23:59:59.999
2515.7992216016,2024-10-31 23:59:59.999
2511.8855479732,2024-11-01 23:59:59.999
2491.0685912815,2024-11-02 23:59:59.999
2456.4251725634,2024-11-03 23:59:59.999
2397.026458485,2024-11-04 23:59:59.999
2422.6507300945,2024-11-05 23:59:59.999
2724.1691663972,2024-11-06 23:59:59.999
2895.5854943256,2024-11-07 23:59:59.999
2962.2967416903,2024-11-08 23:59:59.999
3131.1444628132,2024-11-09 23:59:59.999
3191.3313560604,2024-11-10 23:59:59.999
3374.8128836903,2024-11-11 23:59:59.999
3246.2572583493,2024-11-12 23:59:59.999
3192.5960434937,2024-11-13 23:59:59.999
3058.9487687218,2024-11-14 23:59:59.999
3103.0404086342,2024-11-15 23:59:59.999
3133.2738277678,2024-11-16 23:59:59.999
3075.6615116228,2024-11-17 23:59:59.999
3207.8563404704,2024-11-18 23:59:59.999
3111.3839903555,2024-11-19 23:59:59.999
3072.1879396184,2024-11-20 23:59:59.999
3361.0539269185,2024-11-21 23:59:59.999
3331.6008755241,2024-11-22 23:59:59.999
3396.2234332679,2024-11-23 23:59:59.999
3363.6598928297,2024-11-24 23:59:59.999
3413.5439002968,2024-11-25 23:59:59.999
3326.5174096597,2024-11-26 23:59:59.999
3657.2493022443,2024-11-27 23:59:59.999
3579.8114770371,2024-11-28 23:59:59.999
3593.494300141,2024-11-29 23:59:59.999
3705.7052015214,2024-11-30 23:59:59.999
3711.165095551,2024-12-01 23:59:59.999
3644.1985794337,2024-12-02 23:59:59.999
3620.7116867755,2024-12-03 23:59:59.999
3841.3311664084,2024-12-04 23:59:59.999
3811.0082524796,2024-12-05 23:59:59.999
4005.8105426655,2024-12-06 23:59:59.999
4002.6927008413,2024-12-07 23:59:59.999
4005.7045763055,2024-12-08 23:59:59.999
3718.6904564265,2024-12-09 23:59:59.999
3631.8336303022,2024-12-10 23:59:59.999
3832.8220476388,2024-12-11 23:59:59.999
3883.1015001391,2024-12-12 23:59:59.999
3911.2052321329,2024-12-13 23:59:59.999
3868.4052222836,2024-12-14 23:59:59.999
3951.9411400849,2024-12-15 23:59:59.999
3987.4810414282,2024-12-16 23:59:59.999
3886.7660426368,2024-12-17 23:59:59.999
3618.7913736086,2024-12-18 23:59:59.999
3417.9278681825,2024-12-19 23:59:59.999
3472.5534066558,2024-12-20 23:59:59.999
3337.2224715334,2024-12-21 23:59:59.999
3277.535187571,2024-12-22 23:59:59.999
3415.7854103169,2024-12-23 23:59:59.999
3492.0497597155,2024-12-24 23:59:59.999
3493.2352807716,2024-12-25 23:59:59.999
3331.2258824951,2024-12-26 23:59:59.999
3328.9168712443,2024-12-27 23:59:59.999
3397.902272888,2024-12-28 23:59:59.999
3349.513340318,2024-12-29 23:59:59.999
3356.3926991904,2024-12-30 23:59:59.999
3332.5317212232,2024-12-31 23:59:59.999
3353.5041743827,2025-01-01 23:59:59.999
3451.3926926647,2025-01-02 23:59:59.999
3605.0096583348,2025-01-03 23:59:59.999
3634.1036630331,2025-01-05 23:59:59.999
3688.6113395,2025-01-06 23:59:59.999
3381.5773155737,2025-01-07 23:59:59.999
3326.3292760284,2025-01-08 23:59:59.999
3219.4307348981,2025-01-09 23:59:59.999
3267.4900400932,2025-01-10 23:59:59.999
3282.2177217399,2025-01-11 23:59:59.999
3265.9511514899,2025-01-12 23:59:59.999
3135.4997200989,2025-01-13 23:59:59.999
3223.6846292978,2025-01-14 23:59:59.999
3450.5376123693,2025-01-15 23:59:59.999
3308.3452690441,2025-01-16 23:59:59.999
3474.107275649,2025-01-17 23:59:59.999
3305.7895906773,2025-01-18 23:59:59.999
3208.9643743573,2025-01-19 23:59:59.999
3278.0353650873,2025-01-20 23:59:59.999
3327.4062612887,2025-01-21 23:59:59.999
3240.2245269346,2025-01-22 23:59:59.999
3334.7142017869,2025-01-23 23:59:59.999
3309.554998792,2025-01-24 23:59:59.999
3317.2695057658,2025-01-25 23:59:59.999
3236.1341830842,2025-01-26 23:59:59.999
3178.9205191584,2025-01-27 23:59:59.999
3077.1126333315,2025-01-28 23:59:59.999
3112.998910374,2025-01-29 23:59:59.999
3247.7799513503,2025-01-30 23:59:59.999
3298.2651884844,2025-01-31 23:59:59.999
3118.3286253641,2025-02-01 23:59:59.999
2868.6928684244,2025-02-02 23:59:59.999
2884.5666311078,2025-02-03 23:59:59.999
2735.0512076664,2025-02-04 23:59:59.999
2787.7789694742,2025-02-05 23:59:59.999
2688.4008590972,2025-02-06 23:59:59.999
2622.2111776681,2025-02-07 23:59:59.999
2632.308332463,2025-02-08 23:59:59.999
2628.7211134175,2025-02-09 23:59:59.999
2661.1668048351,2025-02-10 23:59:59.999
2602.7820070465,2025-02-11 23:59:59.999
2736.9020036463,2025-02-12 23:59:59.999
2675.9025200229,2025-02-13 23:59:59.999
2726.0916324155,2025-02-14 23:59:59.999
2693.5597988453,2025-02-15 23:59:59.999
2663.3158479393,2025-02-16 23:59:59.999
2743.1997499049,2025-02-17 23:59:59.999
2669.3387495962,2025-02-18 23:59:59.999
2715.7709077319,2025-02-19 23:59:59.999
2740.3865429063,2025-02-20 23:59:59.999
2659.6555266804,2025-02-21 23:59:59.999
2764.0293093467,2025-02-22 23:59:59.999
2821.3102005204,2025-02-23 23:59:59.999
2513.8211930964,2025-02-24 23:59:59.999
2493.592433124,2025-02-25 23:59:59.999
2331.4526094027,2025-02-26 23:59:59.999
2305.4843934633,2025-02-27 23:59:59.999
2237.9052417047,2025-02-28 23:59:59.999
2216.6433281519,2025-03-01 23:59:59.999
2519.6944727218,2025-03-02 23:59:59.999
2145.5738939222,2025-03-03 23:59:59.999
2170.015168597,2025-03-04 23:59:59.999
2241.9773218864,2025-03-05 23:59:59.999
2202.4768379958,2025-03-06 23:59:59.999
2138.9874273084,2025-03-07 23:59:59.999
2201.5102217124,2025-03-08 23:59:59.999
2015.5091088434,2025-03-09 23:59:59.999
1861.1513909157,2025-03-10 23:59:59.999
1919.8449490468,2025-03-11 23:59:59.999
1908.9826851467,2025-03-12 23:59:59.999
1862.9696474371,2025-03-13 23:59:59.999
1909.4675210747,2025-03-14 23:59:59.999
1937.3946766174,2025-03-15 23:59:59.999
1887.4350177086,2025-03-16 23:59:59.999
1927.0029027556,2025-03-17 23:59:59.999
1932.5434086744,2025-03-18 23:59:59.999
2057.7491339808,2025-03-19 23:59:59.999
1982.0998943118,2025-03-20 23:59:59.999
1964.8474809995,2025-03-21 23:59:59.999
1980.0378088165,2025-03-22 23:59:59.999
2005.2992309006,2025-03-23 23:59:59.999
2077.4790642279,2025-03-24 23:59:59.999
2067.7642367492,2025-03-25 23:59:59.999
2009.1893459796,2025-03-26 23:59:59.999
2002.357436246,2025-03-27 23:59:59.999
1895.5028729189,2025-03-28 23:59:59.999
1827.3203233799,2025-03-29 23:59:59.999
1806.2186461858,2025-03-30 23:59:59.999
1823.4800048352,2025-03-31 23:59:59.999
1905.4914001311,2025-04-01 23:59:59.999
1795.3132055131,2025-04-02 23:59:59.999
1815.6372608262,2025-04-03 23:59:59.999
1815.3352305868,2025-04-04 23:59:59.999
1805.9732407073,2025-04-05 23:59:59.999
1576.7280882451,2025-04-06 23:59:59.999
1555.2409524507,2025-04-07 23:59:59.999
1472.553129615,2025-04-08 23:59:59.999
1668.0400320881,2025-04-09 23:59:59.999
1522.5187737981,2025-04-10 23:59:59.999
1567.1498414994,2025-04-11 23:59:59.999
1643.528527036,2025-04-12 23:59:59.999
1596.6857525708,2025-04-13 23:59:59.999
1622.7698983048,2025-04-14 23:59:59.999
1588.6324584921,2025-04-15 23:59:59.999
1578.1053743846,2025-04-16 23:59:59.999
1582.5483016142,2025-04-17 23:59:59.999
1588.9246734554,2025-04-18 23:59:59.999
1612.9228087159,2025-04-19 23:59:59.999
1587.5142283326,2025-04-20 23:59:59.999
1579.734555934,2025-04-21 23:59:59.999
1757.3317029388,2025-04-22 23:59:59.999
1796.1041889031,2025-04-23 23:59:59.999
1769.8316871227,2025-04-24 23:59:59.999
1786.6344969706,2025-04-25 23:59:59.999
1821.8811558834,2025-04-26 23:59:59.999
1792.8650336325,2025-04-27 23:59:59.999
1798.8517797249,2025-04-28 23:59:59.999
1799.1756569895,2025-04-29 23:59:59.999
1793.7753622537,2025-04-30 23:59:59.999
1839.2215835716,2025-05-01 23:59:59.999
1842.7078282867,2025-05-02 23:59:59.999
1833.8397115605,2025-05-03 23:59:59.999
1808.5942798561,2025-05-04 23:59:59.999
1819.6974998047,2025-05-05 23:59:59.999
1815.087467964,2025-05-06 23:59:59.999
1811.6066452415,2025-05-07 23:59:59.999
2206.5146753165,2025-05-08 23:59:59.999
2345.5072621678,2025-05-09 23:59:59.999
2582.422704863,2025-05-10 23:59:59.999
2510.237906047,2025-05-11 23:59:59.999
2496.3976889157,2025-05-12 23:59:59.999
2680.129604376,2025-05-13 23:59:59.999
2610.063120705,2025-05-14 23:59:59.999
2546.8568767538,2025-05-15 23:59:59.999
2536.2975988505,2025-05-16 23:59:59.999
2475.7544701497,2025-05-17 23:59:59.999
2498.2335542663,2025-05-18 23:59:59.999
2529.1666716605,2025-05-19 23:59:59.999
2524.1732121799,2025-05-20 23:59:59.999
2552.3472007855,2025-05-21 23:59:59.999
2664.1570470923,2025-05-22 23:59:59.999
2526.4419813074,2025-05-23 23:59:59.999
2530.6462312159,2025-05-24 23:59:59.999
2551.7638148435,2025-05-25 23:59:59.999
2564.1384181332,2025-05-26 23:59:59.999
2663.0697270642,2025-05-27 23:59:59.999
2682.2128400301,2025-05-28 23:59:59.999
2632.6548758292,2025-05-29 23:59:59.999
2529.9436479287,2025-05-30 23:59:59.999
2529.0873780335,2025-05-31 23:59:59.999
2536.2663088146,2025-06-01 23:59:59.999
2607.0974987606,2025-06-02 23:59:59.999
2593.2802593803,2025-06-03 23:59:59.999
2608.6430329852,2025-06-04 23:59:59.999
2416.2855921517,2025-06-05 23:59:59.999
2477.1948101373,2025-06-06 23:59:59.999
2526.5053936495,2025-06-07 23:59:59.999
2510.7870002709,2025-06-08 23:59:59.999
2681.5171951808,2025-06-09 23:59:59.999
2813.5174722242,2025-06-10 23:59:59.999
2773.5293199848,2025-06-11 23:59:59.999
2651.7952388213,2025-06-12 23:59:59.999
2579.486038699,2025-06-13 23:59:59.999
2533.4441915193,2025-06-14 23:59:59.999
2546.8371588019,2025-06-15 23:59:59.999
2540.6050663562,2025-06-16 23:59:59.999
2510.7614921028,2025-06-17 23:59:59.999
2524.3015307665,2025-06-18 23:59:59.999
2521.6536702769,2025-06-19 23:59:59.999
2407.3042762144,2025-06-20 23:59:59.999
2300.4956387858,2025-06-21 23:59:59.999
2228.213144898,2025-06-22 23:59:59.999
2421.8248913869,2025-06-23 23:59:59.999
2448.0088600947,2025-06-24 23:59:59.999
2419.3102483686,2025-06-25 23:59:59.999
2416.146699528,2025-06-26 23:59:59.999
2423.8668437067,2025-06-27 23:59:59.999
2437.1094865049,2025-06-28 23:59:59.999
2500.9600353849,2025-06-29 23:59:59.999
2486.4643327619,2025-06-30 23:59:59.999
2405.7928401072,2025-07-01 23:59:59.999
2571.3354950049,2025-07-02 23:59:59.999
2591.0072738951,2025-07-03 23:59:59.999
2508.5182007331,2025-07-04 23:59:59.999
